No,Nama Produk,Rating,Comments,Link
1,Lifebuoy shampoo Anti Dandruff,5,"shampo ini tuh cocok banget di aku. harga nya juga terjangkau dan gampang didapat, kalo pake shampoo ini ketombe jadi berkurang .. rambut jadi halus dan lembut... dan melembutkan tekstur rambut juga... suka banget sama shampoo ini .. Rekomen",https://reviews.femaledaily.com/products/shampoo-conditioner/shampoo-64/lifebuoy/lifebuoy-shampoo-anti-dandruff?cat=&cat_id=0&age_range=&skin_type=&skin_tone=&skin_undertone=&hair_texture=&hair_type=&order=newest&page=3
2,Lifebuoy shampoo Anti Dandruff,5,"shampoo saya seumur hidup. Hehehe. Saya suka dengan produk ini. Menurut saya bersih di area kepala dan saya cocok banget dengan produk ini. Akhir2 ini saya tidak pernah pake conditioner atau masker rambut, tapi pake produk ini enak rambut jadi agak halus.",https://reviews.femaledaily.com/products/shampoo-conditioner/shampoo-64/lifebuoy/lifebuoy-shampoo-anti-dandruff?cat=&cat_id=0&age_range=&skin_type=&skin_tone=&skin_undertone=&hair_texture=&hair_type=&order=newest&page=4
3,Lifebuoy shampoo Anti Dandruff,4,"Pake ini setiap keramas seminggu 3-4 kali,rambut keliatan sehat gituu engga kusam ketombe juga pelan pelan berkurang walaupun dirambut aku jarang banget ada ketombe.Ngerasa bersih banget pake ini harganya affordable dan ada kemasan kecilnya jugaa",https://reviews.femaledaily.com/products/shampoo-conditioner/shampoo-64/lifebuoy/lifebuoy-shampoo-anti-dandruff?cat=&cat_id=0&age_range=&skin_type=&skin_tone=&skin_undertone=&hair_texture=&hair_type=&order=newest&page=5
4,Lifebuoy shampoo Anti Dandruff,4,Baunya lumayan harum. Pemakaian di aku hasilnya biasa aja pas keramas. Tapi setelah kering entah kenapa rambutku malah jadi agak kering dan kaku gitu,https://reviews.femaledaily.com/products/shampoo-conditioner/shampoo-64/lifebuoy/lifebuoy-shampoo-anti-dandruff?cat=&cat_id=0&age_range=&skin_type=&skin_tone=&skin_undertone=&hair_texture=&hair_type=&order=newest&page=6
5,Lifebuoy shampoo Anti Dandruff,3,Wadah pouch isi ulang untuk persediaan di rumah lebih hemat tekstur kental dan gampang berbusa warna biru muda wangi sama sangat khas dengan shampoo lifebuoy varian lain efek membuat kulit kepala lebih kering jadi bisa mengurangi ketombe pada kulit kepala harga lebih ekonomis dari shampoo lainnya sayangnya shampoo ini bikin rambut lebih kering juga jadi lebih milih shampoo untuk kulit normal saja,https://reviews.femaledaily.com/products/shampoo-conditioner/shampoo-64/lifebuoy/lifebuoy-shampoo-anti-dandruff?cat=&cat_id=0&age_range=&skin_type=&skin_tone=&skin_undertone=&hair_texture=&hair_type=&order=newest&page=7
6,Lifebuoy shampoo Anti Dandruff,3,Wanginya lumayan tahan lama tapi sayangnya lama kelamaan shampoo ini bikin rambut rontok ku tambah parah. Jadi mau gak mau aku harus stop pake shampoo ini.,https://reviews.femaledaily.com/products/shampoo-conditioner/shampoo-64/lifebuoy/lifebuoy-shampoo-anti-dandruff?cat=&cat_id=0&age_range=&skin_type=&skin_tone=&skin_undertone=&hair_texture=&hair_type=&order=newest&page=8
7,Lifebuoy shampoo Anti Dandruff,2,"Waktu itu ketombean parah, jadi nyoba shampoo ini hasilnya entah kenapa ga ngefek sama sekali di rambut kepalaku tetap gatal dan ketombe tidak berkurang, tapi berasa rambut semakin tebal. Setelah habis 1 aku ga beli lagi dan pindah ke shampoo yg lebih efektif menghilangkan ketombe. ",https://reviews.femaledaily.com/products/shampoo-conditioner/shampoo-64/lifebuoy/lifebuoy-shampoo-anti-dandruff?cat=&cat_id=0&age_range=&skin_type=&skin_tone=&skin_undertone=&hair_texture=&hair_type=&order=newest&page=9
8,Lifebuoy shampoo Anti Dandruff,2,"Sayangnya, aku enggak cocok dengan produk ini. Entah mengapa shampoo ini sama sekali enggak ngefek besar untuk menghilangkan ketombe dan malah bikin rambut tambah rontok. ",https://reviews.femaledaily.com/products/shampoo-conditioner/shampoo-64/lifebuoy/lifebuoy-shampoo-anti-dandruff?cat=&cat_id=0&age_range=&skin_type=&skin_tone=&skin_undertone=&hair_texture=&hair_type=&order=newest&page=10
9,Clear Anti Dandruff Nourishing shampoo,3,"Sedikit berasa jadi kering kalo keseringan dipakai. After taste setelah rambut kering, teksturnya juga jadi kurang lembab.",https://reviews.femaledaily.com/products/shampoo-conditioner/shampoo-64/clear/anti-dandruff-nourishing-shampoo?cat=&cat_id=0&age_range=&skin_type=&skin_tone=&skin_undertone=&hair_texture=&hair_type=&order=newest&page=7
10,Lifebuoy shampoo Anti Dandruff,1,"entah kenapa pake ini rambutku jadi berubah warna merahh, kayak kurang sehat gitu, padahal sama baunya oke oke aja karena baunya yang khas shampoo lifebuoy ya, buat ketombe juga kurang ampuh menurutku, dengan harga yang termasuk lumayan murah tapi bagiku kurang sepadan ",https://reviews.femaledaily.com/products/shampoo-conditioner/shampoo-64/lifebuoy/lifebuoy-shampoo-anti-dandruff?cat=&cat_id=0&age_range=&skin_type=&skin_tone=&skin_undertone=&hair_texture=&hair_type=&order=newest&page=10
11,Wardah Anti Dandruff shampoo,5,"udah bertahun tahun pake shampoo ini, selalu beli lagi buat rambutku yg berketombe ini shampoo paling ampuh yg udah ku cobain, setelah coba banyak shampoo anti ketombe ujung2 nya balik ke wardah karna shampoo ini yg bisa ngilangin ketombe ku",https://reviews.femaledaily.com/products/shampoo-conditioner/shampoo-64/wardah/wardah-anti-dandruff-shampoo?cat=&cat_id=0&age_range=&skin_type=&skin_tone=&skin_undertone=&hair_texture=&hair_type=&order=newest&page=1
12,Wardah Anti Dandruff shampoo,3,"klaim anti ketombe nya ga begitu efektif di aku. tekstur creamy, busa lumayan banyak kalau rambut bener2 basah, wangi juga lumayan enak kok. setelah pemakaian rambut terasa bersih tapi juga terasa kering. lumayan sih tapi aku cukup coba aja hehe.",https://reviews.femaledaily.com/products/shampoo-conditioner/shampoo-64/wardah/wardah-anti-dandruff-shampoo?cat=&cat_id=0&age_range=&skin_type=&skin_tone=&skin_undertone=&hair_texture=&hair_type=&order=newest&page=2
13,Wardah Anti Dandruff shampoo,4,"Aku suka shampoo ini krn wanginya kalem, tapi udah pemakaian 2 botol belum ada perubahan apa2 di rambutku, ketombe ga ngaruh.",https://reviews.femaledaily.com/products/shampoo-conditioner/shampoo-64/wardah/wardah-anti-dandruff-shampoo?cat=&cat_id=0&age_range=&skin_type=&skin_tone=&skin_undertone=&hair_texture=&hair_type=&order=newest&page=3
14,Clear Anti Dandruff Nourishing shampoo,3," Cuma overall kalo di aku hasilnya b aja, karena masalah rambut aku bukan ketombe jadi biasa aja, malah cenderung makin kering rambutku kalo pake ini.",https://reviews.femaledaily.com/products/shampoo-conditioner/shampoo-64/clear/anti-dandruff-nourishing-shampoo?cat=&cat_id=0&age_range=&skin_type=&skin_tone=&skin_undertone=&hair_texture=&hair_type=&order=newest&page=7
15,Wardah Anti Dandruff shampoo,2,tidak untuk mengatasi ketombe. Mungkin kulit kepala tiap org beda2. Ketombe sekarang malah semakin menjadi banyak dan gatal,https://reviews.femaledaily.com/products/shampoo-conditioner/shampoo-64/wardah/wardah-anti-dandruff-shampoo?cat=&cat_id=0&age_range=&skin_type=&skin_tone=&skin_undertone=&hair_texture=&hair_type=&order=newest&page=3
16,Clear Anti Dandruff Nourishing shampoo,3,Kesan pertama itu rasanya segerrr dingin banget di kulit kepala. busanya juga lumayan banyak. cuma pas rambut udah kering. jadi kasar gitu. untuk ketombenya juga hasilnya kurang signifikan. biasa aja,https://reviews.femaledaily.com/products/shampoo-conditioner/shampoo-64/clear/anti-dandruff-nourishing-shampoo?cat=&cat_id=0&age_range=&skin_type=&skin_tone=&skin_undertone=&hair_texture=&hair_type=&order=newest&page=7
17,Wardah Anti Dandruff shampoo,2,"Entah kenapa pake shampoo ini kulit kepala selalu terasa gatal gak tau mungkin itu aku gak cocok dari fragrancenya yang terlalu kuat atau gimana, ketombe juga nggak ngaruh sama sekali tuh malah mungkin makin bertambah yang aku rasa.",https://reviews.femaledaily.com/products/shampoo-conditioner/shampoo-64/wardah/wardah-anti-dandruff-shampoo?cat=&cat_id=0&age_range=&skin_type=&skin_tone=&skin_undertone=&hair_texture=&hair_type=&order=newest&page=3
18,Wardah Anti Dandruff shampoo,1,"Setelah nyobain dua kali keramas, rambutku ketombean parah dan jadi berminyak banget, terus juga lembab dan gampang lepek.",https://reviews.femaledaily.com/products/shampoo-conditioner/shampoo-64/wardah/wardah-anti-dandruff-shampoo?cat=&cat_id=0&age_range=&skin_type=&skin_tone=&skin_undertone=&hair_texture=&hair_type=&order=newest&page=3
19,Wardah Anti Dandruff shampoo,4,"sukaa sama packagingnya jadi berasa segernya.. aku nyetok lho shampoo ini, dirambut bener bener kerasa halusnya. kalau keringetan parah emang masih ketombe an tapi  oke lahh gapapa.",https://reviews.femaledaily.com/products/shampoo-conditioner/shampoo-64/wardah/wardah-anti-dandruff-shampoo?cat=&cat_id=0&age_range=&skin_type=&skin_tone=&skin_undertone=&hair_texture=&hair_type=&order=newest&page=3
20,Wardah Anti Dandruff shampoo,3,"Awalnya coba karena klaimnya yang anti ketombe, tapi entah kenapa malah nambah ketombe dikulit kepalaku :’) Buat wangi dan sensasi dinginnya pas dipakai sih oke banget ya. Dia bikin rambut jadi halus juga. Cuman belum bisa mengatasi permasalahan ketombeku :(",https://reviews.femaledaily.com/products/shampoo-conditioner/shampoo-64/wardah/wardah-anti-dandruff-shampoo?cat=&cat_id=0&age_range=&skin_type=&skin_tone=&skin_undertone=&hair_texture=&hair_type=&order=newest&page=3
21,Clear Anti Dandruff Nourishing shampoo,5,"suka banget sama produknya karena dapat mengurangi ketombe di rambutku,bikin rambut terlihat lebih halus ketika di pegang,wanginya lumayan tahan lama & yang paling aku suka shampoo dari clear ini memberikan efek dingin di kulit kepalaku,sukaa.",https://reviews.femaledaily.com/products/shampoo-conditioner/shampoo-64/clear/anti-dandruff-nourishing-shampoo?cat=&cat_id=0&age_range=&skin_type=&skin_tone=&skin_undertone=&hair_texture=&hair_type=&order=newest&page=7
22,Clear Anti Dandruff Nourishing shampoo,5,"shampoo paling ampuh buat kulit kepala yang berminyak dan berketombe! Tekstur shampoo ini kental dan busanya banyak, wangi dan sensasi mentholnya berasa banget! Setelah dibilas tidak ada residu licin dan bikin fresh",https://reviews.femaledaily.com/products/shampoo-conditioner/shampoo-64/clear/anti-dandruff-nourishing-shampoo?cat=&cat_id=0&age_range=&skin_type=&skin_tone=&skin_undertone=&hair_texture=&hair_type=&order=newest&page=7
23,Clear Anti Dandruff Nourishing shampoo,3,"ini shampoo ini sungguh adem banget dikulit kepala. karena mentholnya jadi kulit kepala itu super seger banget, dingin. tapi dirambut aku sih jadi kasar karena shampoo ini.",https://reviews.femaledaily.com/products/shampoo-conditioner/shampoo-64/clear/anti-dandruff-nourishing-shampoo?cat=&cat_id=0&age_range=&skin_type=&skin_tone=&skin_undertone=&hair_texture=&hair_type=&order=newest&page=7
24,Clear Anti Dandruff Nourishing shampoo,3,selama seminggu ini aku pake shampoo ini lumayan bikin adem kulit kepala karena shampo ini ada kandungan ice menthol nya gitu dan bikin rambutku agak lembut tapi klau masalah ketombe di aku masih kurang ampuh,https://reviews.femaledaily.com/products/shampoo-conditioner/shampoo-64/clear/anti-dandruff-nourishing-shampoo?cat=&cat_id=0&age_range=&skin_type=&skin_tone=&skin_undertone=&hair_texture=&hair_type=&order=newest&page=8
25,Clear Anti Dandruff Nourishing shampoo,3,shampoo ini tidak cukup manjur untuk menghempaskan ketombe ku yang ada setelah keremas rambut malah jadi semakin gatal,https://reviews.femaledaily.com/products/shampoo-conditioner/shampoo-64/clear/anti-dandruff-nourishing-shampoo?cat=&cat_id=0&age_range=&skin_type=&skin_tone=&skin_undertone=&hair_texture=&hair_type=&order=newest&page=9
26,Clear Anti Dandruff Nourishing shampoo,3,sedikit berasa jadi kering kalo keseringan dipakai,https://reviews.femaledaily.com/products/shampoo-conditioner/shampoo-64/clear/anti-dandruff-nourishing-shampoo?cat=&cat_id=0&age_range=&skin_type=&skin_tone=&skin_undertone=&hair_texture=&hair_type=&order=newest&page=10
27,Clear Anti Dandruff Nourishing shampoo,2,"tidak bekerja sama sekali di ketombe ku, ketombe ku sudah bandel banget kayak nya jadi gak bisa pake sembarang shampoo. ",https://reviews.femaledaily.com/products/shampoo-conditioner/shampoo-64/clear/anti-dandruff-nourishing-shampoo?cat=&cat_id=0&age_range=&skin_type=&skin_tone=&skin_undertone=&hair_texture=&hair_type=&order=newest&page=7
28,Clear Anti Dandruff Nourishing shampoo,2,"Dipakai saat permasalahan rambutku sedang berketombe parah. Wangi saat keramas pakai ini berasa segar teksturnya sedikit kental dan sesuai klaim benar ada sensasi dingin bikin rambut halus tapi tidak berkerja untuk mengurangi ketombeku, tetap banyak dan gatal",https://reviews.femaledaily.com/products/shampoo-conditioner/shampoo-64/clear/anti-dandruff-nourishing-shampoo?cat=&cat_id=0&age_range=&skin_type=&skin_tone=&skin_undertone=&hair_texture=&hair_type=&order=newest&page=7
29,Clear Anti Dandruff Nourishing shampoo,3,"Sensasi dinginnya enak sih, nyegerin gitu. Dia cukup melembutkan juga. Tapi kadang bikin lepek besoknya, kadang nggak. Untuk baunya agak mirip obat gitu. Terus untuk klaim anti-ketombenya kalau untuk ketombe yang tipenya berkarak gitu masih kurang ampuh.",https://reviews.femaledaily.com/products/shampoo-conditioner/shampoo-64/clear/anti-dandruff-nourishing-shampoo?cat=&cat_id=0&age_range=&skin_type=&skin_tone=&skin_undertone=&hair_texture=&hair_type=&order=newest&page=7
30,Clear Anti Dandruff Nourishing shampoo,3,Untuk masalah ketombe sih ga yg keliatan hasilnya. Terus rambutku jadi agak kering tiap kali pakai shampoo ini. Aku ga begitu rekomendasiin kalian beli shampoo ini. Balik lagi mungkin efek dirambut aku beda dirambut kalian.,https://reviews.femaledaily.com/products/shampoo-conditioner/shampoo-64/clear/anti-dandruff-nourishing-shampoo?cat=&cat_id=0&age_range=&skin_type=&skin_tone=&skin_undertone=&hair_texture=&hair_type=&order=newest&page=7
31,Head & Shoulders Itchy Scalp Care Anti Dandruff shampoo,3,sayangnya setelah hampir 2 tahun pemakaian malah bikin ketombean.. mungkin kulit kepalaku udah kebal dan harus ganti shampoo,https://reviews.femaledaily.com/products/shampoo-conditioner/shampoo-64/head-shoulders/itchy-scalp-care?cat=&cat_id=0&age_range=&skin_type=&skin_tone=&skin_undertone=&hair_texture=&hair_type=&order=newest&page=1
32,Wardah Anti Dandruff shampoo,3,"karena aku bermasalah banget sama ketombe jadi aku masih cari cari shampoo yang cocok buat aku. aku coba ini karena penasaran katanya ini bagus, tapi setelah pake beberapa kali baru keliatan ketombe berkurang tapi harus bener bener rutin dipakenya. untuk re-purchase kayaknya nggak, soalnya menurutku gak terlalu ngaruh buat rambut aku:",https://reviews.femaledaily.com/products/shampoo-conditioner/shampoo-64/wardah/wardah-anti-dandruff-shampoo?cat=&cat_id=0&age_range=&skin_type=&skin_tone=&skin_undertone=&hair_texture=&hair_type=&order=newest&page=3
33,Wardah Anti Dandruff shampoo,3,Pas pertama pake rambut masih oke aja sih. Tapi pas pemakaian kedua rambut malah jadi rontok dan berketombe gitu. Gampang lepek juga kalo kena keringet,https://reviews.femaledaily.com/products/shampoo-conditioner/shampoo-64/wardah/wardah-anti-dandruff-shampoo?cat=&cat_id=0&age_range=&skin_type=&skin_tone=&skin_undertone=&hair_texture=&hair_type=&order=newest&page=3
34,Head & Shoulders Itchy Scalp Care Anti Dandruff shampoo,2,"aku pake shampoo ini sekali doang, rambut aku jadi ketombean dan panas, kerasa gatal2",https://reviews.femaledaily.com/products/shampoo-conditioner/shampoo-64/head-shoulders/itchy-scalp-care?cat=&cat_id=0&age_range=&skin_type=&skin_tone=&skin_undertone=&hair_texture=&hair_type=&order=newest&page=1
35,Head & Shoulders Itchy Scalp Care Anti Dandruff shampoo,2,ambut aku yang tipis dan bercabang ini habis keramas langsung keras gitu disisir pun susah alhasil bikin sakit kepala,https://reviews.femaledaily.com/products/shampoo-conditioner/shampoo-64/head-shoulders/itchy-scalp-care?cat=&cat_id=0&age_range=&skin_type=&skin_tone=&skin_undertone=&hair_texture=&hair_type=&order=newest&page=2
36,Head & Shoulders Itchy Scalp Care Anti Dandruff shampoo,5,"Wanginya nggak kaya eukaliptus, malah aku cium wanginya ini mirip aroma kulit apel. Aku suka banget! Untuk hasilnya sendiri kurang lebih sama dengan shampoo H&S lainnya, yaitu memang bisa menghilangkan gatal di kepala dan juga ketombe. ",https://reviews.femaledaily.com/products/shampoo-conditioner/shampoo-64/head-shoulders/itchy-scalp-care?cat=&cat_id=0&age_range=&skin_type=&skin_tone=&skin_undertone=&hair_texture=&hair_type=&order=newest&page=3
37,Head & Shoulders Itchy Scalp Care Anti Dandruff shampoo,4,"kalo untul ketombenya emang masih ada sih tapi dia udah cukup berkurang, yg awalnya tebel2 gt sekarang jadi lumayan tipis. ya semoga aja emg bisa beneran ngilangin ketombenya ya",https://reviews.femaledaily.com/products/shampoo-conditioner/shampoo-64/head-shoulders/itchy-scalp-care?cat=&cat_id=0&age_range=&skin_type=&skin_tone=&skin_undertone=&hair_texture=&hair_type=&order=newest&page=4
38,Head & Shoulders Itchy Scalp Care Anti Dandruff shampoo,3,"Pernah coba pake ni shampoo waktu itu smp, efeknya biasa aja, ga ada efek apa apa. Tapi baunya kurang suka, nyengat banget. Dah gitu cooling sensationnya bikin kulitku gampang iritasi.",https://reviews.femaledaily.com/products/shampoo-conditioner/shampoo-64/head-shoulders/itchy-scalp-care?cat=&cat_id=0&age_range=&skin_type=&skin_tone=&skin_undertone=&hair_texture=&hair_type=&order=newest&page=5
39,Head & Shoulders Itchy Scalp Care Anti Dandruff shampoo,2,"shampoo ini memang buat scalp dengan sensasi menthol di kepala pas kamu pake. Tapi seiring dipake ini buat rambut kamu cepat kering jadinya dan itu kalau mau di sisir susah banget,— Dan kalau dipaksa buat sisir itu jadinya kek RONTOKK",https://reviews.femaledaily.com/products/shampoo-conditioner/shampoo-64/head-shoulders/itchy-scalp-care?cat=&cat_id=0&age_range=&skin_type=&skin_tone=&skin_undertone=&hair_texture=&hair_type=&order=newest&page=6
40,Head & Shoulders Itchy Scalp Care Anti Dandruff shampoo,2,mengecewakan karena di rambut aku jadi kering.,https://reviews.femaledaily.com/products/shampoo-conditioner/shampoo-64/head-shoulders/itchy-scalp-care?cat=&cat_id=0&age_range=&skin_type=&skin_tone=&skin_undertone=&hair_texture=&hair_type=&order=newest&page=7
41,Wardah Anti Dandruff shampoo,3,"Suka banget ama aroma samponya, gak kuat tapi awet di rambut. Hasilnya, rambut emg halus, lembut, dan mudah diatur. Tapi, untuk ketombe belum bisa hilang. Ini cocok untuk kalian yang punya masalah dengan ketombe skala ringan.",https://reviews.femaledaily.com/products/shampoo-conditioner/shampoo-64/wardah/wardah-anti-dandruff-shampoo?cat=&cat_id=0&age_range=&skin_type=&skin_tone=&skin_undertone=&hair_texture=&hair_type=&order=newest&page=3
42,Wardah Anti Dandruff shampoo,3,beli karena ada embel2 anti ketombe...wanginya enak aku suka dirambutku jg jadi lembut gitu isi juga banyak affordable pula...berharap cocok karena selama ini belom nemu shampo yg cocok ama kerewelan kulit kepalaku...nyoba sampai habis 1 botol ga ngaruh apa2 ..ketombe belum kabur juga,https://reviews.femaledaily.com/products/shampoo-conditioner/shampoo-64/wardah/wardah-anti-dandruff-shampoo?cat=&cat_id=0&age_range=&skin_type=&skin_tone=&skin_undertone=&hair_texture=&hair_type=&order=newest&page=3
43,Pantene shampoo Anti Ketombe,4,"rambut aku bukan yang ketombean banget tapi shampoo ini emang nyaman sih. Ngga gampang lepek, ngga bikin kering, dan ngga bikin ketombean.  wanginya juga enak khas pantene banget. Untuk harga jangan ditanya, pasti murah meriah.",https://reviews.femaledaily.com/products/shampoo-conditioner/shampoo-64/pantene/up-to-10x-damage-protection?cat=&cat_id=0&age_range=&skin_type=&skin_tone=&skin_undertone=&hair_texture=&hair_type=&order=newest&page=2
44,Pantene shampoo Anti Ketombe,4,"wanginya agak kuat tapi suka wanginya fresh,bikin rambut lembut ga kasar tapi untuk klaim ketombe ga begitu pengaruh.",https://reviews.femaledaily.com/products/shampoo-conditioner/shampoo-64/pantene/up-to-10x-damage-protection?cat=&cat_id=0&age_range=&skin_type=&skin_tone=&skin_undertone=&hair_texture=&hair_type=&order=newest&page=3
45,Pantene shampoo Anti Ketombe,3,"produk ini so so di aku, gabegitu bagus dan ga jelek juga. wanginya yah wangi shampoo pantene khas gitu, gaada bedanya sih kataku. dan setelah dipake beberapa minggu juga sebenernya berasa lumayan berkurang ketombe walaupun ga sepenuhnya hilang cuman rambut aku jadi agak kering gitu, jadi aku memutuskan untuk ganti shampoo",https://reviews.femaledaily.com/products/shampoo-conditioner/shampoo-64/pantene/up-to-10x-damage-protection?cat=&cat_id=0&age_range=&skin_type=&skin_tone=&skin_undertone=&hair_texture=&hair_type=&order=newest&page=4
46,Pantene shampoo Anti Ketombe,3,"shampoo ini menurut aku lebih kayak shampoo untuk membersihkan kulit kepala dan rambut saja. Tidak ada efek-efek tambahan seperti menghalus kan rambut, mencegah rambut rontoh maupun membersihkan ketombe. Tapi mengingat harganya affordable, produk ini masih layak untuk dicoba",https://reviews.femaledaily.com/products/shampoo-conditioner/shampoo-64/pantene/up-to-10x-damage-protection?cat=&cat_id=0&age_range=&skin_type=&skin_tone=&skin_undertone=&hair_texture=&hair_type=&order=newest&page=5
47,Pantene shampoo Anti Ketombe,3,setelah mencoba produk ini ketombe belum berkurang dan kadang kulit kepala sering gatal gatal setelah 1 hari keramas,https://reviews.femaledaily.com/products/shampoo-conditioner/shampoo-64/pantene/up-to-10x-damage-protection?cat=&cat_id=0&age_range=&skin_type=&skin_tone=&skin_undertone=&hair_texture=&hair_type=&order=newest&page=6
48,Pantene shampoo Anti Ketombe,2,"sayangnya di aku, produk ini masih belum bisa mengatasi keluhan ketombe dan kulit kepala hiks. masih ada ketombe dan gatel-gatel. shampoo nya busa melimpah, wangi, pas dibilas rambut tetep kerasa lembut/ ga keset. tapi lama-lama bikin helai rambutku kering dan rontok.",https://reviews.femaledaily.com/products/shampoo-conditioner/shampoo-64/pantene/up-to-10x-damage-protection?cat=&cat_id=0&age_range=&skin_type=&skin_tone=&skin_undertone=&hair_texture=&hair_type=&order=newest&page=7
49,Wardah Anti Dandruff shampoo,3,"kurang si ngilangin ketombe, sebenernya berkurang ketombe nya tapi ga sampe ilang banget dan masih ada dikit-dikit, cuma ini enak banget wangi nya, kaya kalo abis shampoan bau nya semerbak sekamar mandi, dan juga ga bikin rambut kering juga.",https://reviews.femaledaily.com/products/shampoo-conditioner/shampoo-64/wardah/wardah-anti-dandruff-shampoo?cat=&cat_id=0&age_range=&skin_type=&skin_tone=&skin_undertone=&hair_texture=&hair_type=&order=newest&page=3
50,Wardah Anti Dandruff shampoo,3,"Sejauh ini sih yg aku rasain wanginya enak seger gitu, terus pas dipake juga ada kaya efek dingin gitu. Tapi buat klaim anti ketombe aku agak ragu ya, soalnya gak bekerja buat aku. Dan entah kenapa rambutku malah jadi berubah warna agak merah gitu",https://reviews.femaledaily.com/products/shampoo-conditioner/shampoo-64/wardah/wardah-anti-dandruff-shampoo?cat=&cat_id=0&age_range=&skin_type=&skin_tone=&skin_undertone=&hair_texture=&hair_type=&order=newest&page=3
51,Selsun Blue 5,5,menurutku baunya gak terlalu dan sama-sama bisa untuk mengatasi masalah ketombe. produk selsun kyanya emang oke banget sih buat masalah perketombean,https://reviews.femaledaily.com/products/shampoo-conditioner/shampoo-64/selsun/selsun-blue-5?cat=&cat_id=0&age_range=&skin_type=&skin_tone=&skin_undertone=&hair_texture=&hair_type=&order=newest&page=7
52,Selsun Blue 5,5,"Ampuh untuk mengatasi ketombe, cumaa lebih susah dibusakan daripada varian selsun yang lain kalau menurutku, jadi kayak feel keramasnya kurang hahaha.",https://reviews.femaledaily.com/products/shampoo-conditioner/shampoo-64/selsun/selsun-blue-5?cat=&cat_id=0&age_range=&skin_type=&skin_tone=&skin_undertone=&hair_texture=&hair_type=&order=newest&page=8
53,Selsun Blue 5,5,"shampoo ini bisa bantu buat ngerawat atau mencegah ketombe balik lagi, karna shampoo ini tipe yang bisa untuk penggunaan sehari-hari. ga bikin efek kering di rambut ku.",https://reviews.femaledaily.com/products/shampoo-conditioner/shampoo-64/selsun/selsun-blue-5?cat=&cat_id=0&age_range=&skin_type=&skin_tone=&skin_undertone=&hair_texture=&hair_type=&order=newest&page=9
54,Selsun Blue 5,4,"Wanginya enak. Kemasannya compact, mudah ditemukan dimana aja. Sayang performanya di aku kurang gress banget kalau cuma 1 botol aja. Pas habis 4 botol baru kerasa rambut rontok berkurang dan kulit kepala lebih bersih. ",https://reviews.femaledaily.com/products/shampoo-conditioner/shampoo-64/selsun/selsun-blue-5?cat=&cat_id=0&age_range=&skin_type=&skin_tone=&skin_undertone=&hair_texture=&hair_type=&order=newest&page=10
55,Wardah Anti Dandruff shampoo,3,"sebenernya shampoo ini enak aja, wangi terus busanya banyak dan harganya cukup terjangkau, cuma untuk klaim nya sebagai anti ketombe aku ga terlalu yakin karena ketombe masih kadang ada aja, jadi ga bener bener ngebersihin ketombe gitu. tapi kalo cuma cari shampo yang buat ngebersihin tanpa ekspetasi buat ngatasin ketombe kayanya kurang rekomen",https://reviews.femaledaily.com/products/shampoo-conditioner/shampoo-64/wardah/wardah-anti-dandruff-shampoo?cat=&cat_id=0&age_range=&skin_type=&skin_tone=&skin_undertone=&hair_texture=&hair_type=&order=newest&page=3
56,Selsun Blue 5,4,"Untuk menjaga kulit kepala dari ketombe, aku pake ini sebagai shampoo sehari-hari. Wanginya bukan yang wangi enak, tapi juga ga bau sih. Pake ini rambut berasa bersih, tapi bikin rambut kesat banget ya.",https://reviews.femaledaily.com/products/shampoo-conditioner/shampoo-64/selsun/selsun-blue-5?cat=&cat_id=0&age_range=&skin_type=&skin_tone=&skin_undertone=&hair_texture=&hair_type=&order=newest&page=10
57,Selsun Blue 5,3,"di aku ga cocok, malah bikin kering dan rontok",https://reviews.femaledaily.com/products/shampoo-conditioner/shampoo-64/selsun/selsun-blue-5?cat=&cat_id=0&age_range=&skin_type=&skin_tone=&skin_undertone=&hair_texture=&hair_type=&order=newest&page=10
58,Selsun Blue 5,3,"shampoo ini lumayan bikin rambut kasar dan kering. Sehingga agak perlu trik pakenya. Dan untuk tipe ketombe aku yang kering, ini ga terlalu ampuh",https://reviews.femaledaily.com/products/shampoo-conditioner/shampoo-64/selsun/selsun-blue-5?cat=&cat_id=0&age_range=&skin_type=&skin_tone=&skin_undertone=&hair_texture=&hair_type=&order=newest&page=11
59,Selsun Blue 5,2,Agak kecewa sama nih shampoo. awalnya sih enak bikin ketombe agak berkurang tapi pas pemakaian beberapa kali malah bikin ketombe yg aga berkurang balik lagi,https://reviews.femaledaily.com/products/shampoo-conditioner/shampoo-64/selsun/selsun-blue-5?cat=&cat_id=0&age_range=&skin_type=&skin_tone=&skin_undertone=&hair_texture=&hair_type=&order=newest&page=12
60,Selsun Blue 5,2,"Ugh sedihhh yang ini ternyata ga cocok banget di kulit kepala dan rambutku. Malah jadi Ketombean, Gatal, Rambut teksturnya kasar pake banget alias Kaku.",https://reviews.femaledaily.com/products/shampoo-conditioner/shampoo-64/selsun/selsun-blue-5?cat=&cat_id=0&age_range=&skin_type=&skin_tone=&skin_undertone=&hair_texture=&hair_type=&order=newest&page=13
61,Safi Hair Xpert Anti Dandruff shampoo,5,"cocok , enak dan gak bikin kering rambut ! ketombeee lumayan langsung hilang walaupin perlu proses . wangi nyaa enak , dan busa nyaaa banyak . suka shampoo yg busa nyaa banyak . bakal beli lagi sih kedepanya",https://reviews.femaledaily.com/products/shampoo-conditioner/shampoo-64/safi/hair-xpert?cat=&cat_id=0&age_range=&skin_type=&skin_tone=&skin_undertone=&hair_texture=&hair_type=&order=newest&page=3
62,Safi Hair Xpert Anti Dandruff shampoo,5," Tekstur shampoo nya liquid, agak sedikit kental dengan warna kebiruan. Busa yang dihasilkan juga banyak, wanginya fresh dan enak banget. Menurut aku, setelah pemakaian juga langsung terasa efeknya, kulit kepala jadi terasa lebih bersih, fresh dan yang penting ngurangin gatal di kulit kepala. Pokoknya di aku yang tipe ketombe basah, ini efektif bantu bersihkan.",https://reviews.femaledaily.com/products/shampoo-conditioner/shampoo-64/safi/hair-xpert?cat=&cat_id=0&age_range=&skin_type=&skin_tone=&skin_undertone=&hair_texture=&hair_type=&order=newest&page=4
63,Wardah Anti Dandruff shampoo,3,"aku kurang suka karena bikin kulit kepala tuh gatel dan ketombean gitu jadi bukan nya ilang ketombe nya malah jadi tambah banyak, kayak nempel dan lepek gitu rambut nya.",https://reviews.femaledaily.com/products/shampoo-conditioner/shampoo-64/wardah/wardah-anti-dandruff-shampoo?cat=&cat_id=0&age_range=&skin_type=&skin_tone=&skin_undertone=&hair_texture=&hair_type=&order=newest&page=3
64,Safi Hair Xpert Anti Dandruff shampoo,4,"efek shampoo ini sangat baik. Ketombe dan rasa gatal memang berkurang. Cuma ya masalahnya, itu tadi, ga ada CONDITIONER, rambutku jadi ga selembut seperti biasanya.",https://reviews.femaledaily.com/products/shampoo-conditioner/shampoo-64/safi/hair-xpert?cat=&cat_id=0&age_range=&skin_type=&skin_tone=&skin_undertone=&hair_texture=&hair_type=&order=newest&page=4
65,Safi Hair Xpert Anti Dandruff shampoo,3,"sejujurnya kurang suka sama shampoo ini krn tetap bikin ketombean, tapi sampe sekarang aku masih pake krn lebih mendingan ketombenya, ga gatel.",https://reviews.femaledaily.com/products/shampoo-conditioner/shampoo-64/safi/hair-xpert?cat=&cat_id=0&age_range=&skin_type=&skin_tone=&skin_undertone=&hair_texture=&hair_type=&order=newest&page=5
66,Safi Hair Xpert Anti Dandruff shampoo,3,"ini varian anti ketombe ini yang agak gak cocok di aku. Dia bikin rambut agak kering dan jadi nggak berkilau. Klaim anti ketombenya juga nggak berasa di aku dan malah bikin gampang muncul semacam residu di kulit kepala. Wanginya juga nggak terlalu enak, lebih enak wangi yang varian anti hairfall.",https://reviews.femaledaily.com/products/shampoo-conditioner/shampoo-64/safi/hair-xpert?cat=&cat_id=0&age_range=&skin_type=&skin_tone=&skin_undertone=&hair_texture=&hair_type=&order=newest&page=6
67,Safi Hair Xpert Anti Dandruff shampoo,2,"Dia aku gk cocok malah bikin rontok dan kering yg berlebihan. Tp untuk mengurangi ketombe lumayan, jadi untuk mengatasi kering dan rontok berlebihan aku dukung pake conditioner merk lain",https://reviews.femaledaily.com/products/shampoo-conditioner/shampoo-64/safi/hair-xpert?cat=&cat_id=0&age_range=&skin_type=&skin_tone=&skin_undertone=&hair_texture=&hair_type=&order=newest&page=7
68,Safi Hair Xpert Anti Dandruff shampoo,2,Udah 4 bulanan dan ternyata hasilnya nihil hehe. Dia cuma bikin kulit kepala jadi segar gitu aja,https://reviews.femaledaily.com/products/shampoo-conditioner/shampoo-64/safi/hair-xpert?cat=&cat_id=0&age_range=&skin_type=&skin_tone=&skin_undertone=&hair_texture=&hair_type=&order=newest&page=8
69,Wardah Anti Dandruff shampoo,3,Pas aku pake shampoo ini lumayan dan ga bikin kulit kepala jadi kering dan bikin ketombe ga jadi banyak. Wangi tapi sayangnya rambut jadi kering. Harus pake vitamin rambut abis pake shampoo ini,https://reviews.femaledaily.com/products/shampoo-conditioner/shampoo-64/wardah/wardah-anti-dandruff-shampoo?cat=&cat_id=0&age_range=&skin_type=&skin_tone=&skin_undertone=&hair_texture=&hair_type=&order=newest&page=3
70,Safi Hair Xpert Anti Dandruff shampoo,1,Ketombe malah menjadi semakin banyak dan kepala menjadi gatal kalau pakai shampoo ini.,https://reviews.femaledaily.com/products/shampoo-conditioner/shampoo-64/safi/hair-xpert?cat=&cat_id=0&age_range=&skin_type=&skin_tone=&skin_undertone=&hair_texture=&hair_type=&order=newest&page=4
71,ERHAIR Scalperfect Anti Dandruff shampoo,5,"suka banget sama shampoo erha, bener-bener hilangin ketombe dan gatal-gatal di kepala, tapi harus di barengin sama kondisioner, karena setelah keramas, rambut agak kusut. secara keseluruhan aku suka wanginya dan ada sedikit menthol2 dingin gitu lah kena di kulit kepala.",https://reviews.femaledaily.com/products/shampoo-conditioner/shampoo-64/erha/scalp-care-shampoo-1?cat=&cat_id=0&age_range=&skin_type=&skin_tone=&skin_undertone=&hair_texture=&hair_type=&order=newest&page=8
72,ERHAIR Scalperfect Anti Dandruff shampoo,4,"Baunya paling beda dari varian shampoo erha lainnya, ngga yang bau manis atau seger gitu, rada ke bau obat. Buat ketombe ini bekerja banget!! Cuma kalo ketombe udah mendingan lebih baik jangan tiap hari dipake, karena di aku bikin rambut jadi kering",https://reviews.femaledaily.com/products/shampoo-conditioner/shampoo-64/erha/scalp-care-shampoo-1?cat=&cat_id=0&age_range=&skin_type=&skin_tone=&skin_undertone=&hair_texture=&hair_type=&order=newest&page=9
73,ERHAIR Scalperfect Anti Dandruff shampoo,3," Pas pake shampoo ini aku ngerasa kayak gak shampooan. Karena cenderung tidak beraroma dan menghasilkan busa. Karena gak rutin pakainya, hasilnya jadi belum kelihat. Rambut tetap rontok.",https://reviews.femaledaily.com/products/shampoo-conditioner/shampoo-64/erha/scalp-care-shampoo-1?cat=&cat_id=0&age_range=&skin_type=&skin_tone=&skin_undertone=&hair_texture=&hair_type=&order=newest&page=10
74,ERHAIR Scalperfect Anti Dandruff shampoo,2,"Pake ini malah lebih gampang lepek, mungkin karena ini bikin kering kali ya di kulit kepala jadi kadang kulit kepala produksi minyak lebih cepet. Efeknya di ketombe juga biasa biasa aja ngga yang jadi bersih atau gimana.",https://reviews.femaledaily.com/products/shampoo-conditioner/shampoo-64/erha/scalp-care-shampoo-1?cat=&cat_id=0&age_range=&skin_type=&skin_tone=&skin_undertone=&hair_texture=&hair_type=&order=newest&page=11
75,Wardah Anti Dandruff shampoo,3,"buat ngilangin ketombe kayanya ngga deh, malah bikin kepala gatel gatel gitu. waktu beres keramas rambut tuh kaya keset. bikin rambut kasar juga, mungkin bakal beda kalau pake sama conditioner nya.",https://reviews.femaledaily.com/products/shampoo-conditioner/shampoo-64/wardah/wardah-anti-dandruff-shampoo?cat=&cat_id=0&age_range=&skin_type=&skin_tone=&skin_undertone=&hair_texture=&hair_type=&order=newest&page=3
76,ERHAIR Scalperfect Anti Dandruff shampoo,5,"Cocok bgt buat yang punya ketombe banyak besar2 kyk gue! Nyoba cari perawatan rambut di ecommerce dan nemuin ini, dan rangkaian lainnya (serum dan exfo gelnya). Seminggu pake sudah hilang ketombe gue yg bejibun",https://reviews.femaledaily.com/products/shampoo-conditioner/shampoo-64/erha/scalp-care-shampoo-1?cat=&cat_id=0&age_range=&skin_type=&skin_tone=&skin_undertone=&hair_texture=&hair_type=&order=newest&page=8
77,ERHAIR Scalperfect Anti Dandruff shampoo,4,"sebenernya untuk anti ketombe dia beneranberpengaruh sih di aku, tapi sayang ini shampoo lumayan kering bgt di rambut aku",https://reviews.femaledaily.com/products/shampoo-conditioner/shampoo-64/erha/scalp-care-shampoo-1?cat=&cat_id=0&age_range=&skin_type=&skin_tone=&skin_undertone=&hair_texture=&hair_type=&order=newest&page=9
78,ERHAIR Scalperfect Anti Dandruff shampoo,3,"Ketombenya lumayan sih tetep ngilangin, cuma lepeknya itu ga tahan.",https://reviews.femaledaily.com/products/shampoo-conditioner/shampoo-64/erha/scalp-care-shampoo-1?cat=&cat_id=0&age_range=&skin_type=&skin_tone=&skin_undertone=&hair_texture=&hair_type=&order=newest&page=10
79,ERHAIR Scalperfect Anti Dandruff shampoo,2,"pake erha ini gara2 baca ulasan katanya bagus buat ketombe, agak sedih sih karna ga cocok buat aku:( soalnya ini buat ketombe aku makin parah, terus bikin rambut aku rontok dan kering. untuk baunya sih ga terlalu menyengat, trs ada sensasi dingin di kulit kepala dan gaada busanya",https://reviews.femaledaily.com/products/shampoo-conditioner/shampoo-64/erha/scalp-care-shampoo-1?cat=&cat_id=0&age_range=&skin_type=&skin_tone=&skin_undertone=&hair_texture=&hair_type=&order=newest&page=11
80,ERHAIR Scalperfect Anti Dandruff shampoo,1,baru sekali pakai ini malah jadi gatal-gatal dan makin parah keluar semua ketombenya.. mungkin ga cocok pakai shampoo ini.. kemasannya dan volumenya kecil jadi menurutku jatuhnya mahal..,https://reviews.femaledaily.com/products/shampoo-conditioner/shampoo-64/erha/scalp-care-shampoo-1?cat=&cat_id=0&age_range=&skin_type=&skin_tone=&skin_undertone=&hair_texture=&hair_type=&order=newest&page=12
81,Wardah Anti Dandruff shampoo,3,untuk bikin rambut gak ketombean tuh gagal menurut aku berkurangpun engga deh kayanya. Cuma emang bikin rambut jadi wangi aja selama kurang lebih 2hari.,https://reviews.femaledaily.com/products/shampoo-conditioner/shampoo-64/wardah/wardah-anti-dandruff-shampoo?cat=&cat_id=0&age_range=&skin_type=&skin_tone=&skin_undertone=&hair_texture=&hair_type=&order=newest&page=3
82,Sebamed Anti Dandruff shampoo,4,"Ketombe berhenti pake produk ini, Hampir gaada wangi, busanya dikit, tp kadang2 bisa banyak(bingung).",https://reviews.femaledaily.com/products/shampoo-conditioner/shampoo-64/sebamed/anti-dandruff-shampoo?cat=&cat_id=0&age_range=&skin_type=&skin_tone=&skin_undertone=&hair_texture=&hair_type=&order=newest&page=6
83,Sebamed Anti Dandruff shampoo,3,"Bagus sih buat ngilangin ketombe, tapi rambut aku kering parah banget pake ini.",https://reviews.femaledaily.com/products/shampoo-conditioner/shampoo-64/sebamed/anti-dandruff-shampoo?cat=&cat_id=0&age_range=&skin_type=&skin_tone=&skin_undertone=&hair_texture=&hair_type=&order=newest&page=7
84,Sebamed Anti Dandruff shampoo,2,oba lah beli sebamed yang dandruff ini malah gatel dan ketombean nya balik,https://reviews.femaledaily.com/products/shampoo-conditioner/shampoo-64/sebamed/anti-dandruff-shampoo?cat=&cat_id=0&age_range=&skin_type=&skin_tone=&skin_undertone=&hair_texture=&hair_type=&order=newest&page=8
85,Wardah Anti Dandruff shampoo,3,"Shampoo wardah yang ini sih Biasa aja menurutku. Wanginya enak sih walau nggak bertahan lama. Sensasi dingin di kulit kepala aku nggak ngerasain sama sekali. Lumayan ngurangin gatal di kulit kepala tapi nggak terlalu efektif buat hilangin ketombe. Shampoo ini juga kurang lembab di aku, butuh tambahan kondisioner.",https://reviews.femaledaily.com/products/shampoo-conditioner/shampoo-64/wardah/wardah-anti-dandruff-shampoo?cat=&cat_id=0&age_range=&skin_type=&skin_tone=&skin_undertone=&hair_texture=&hair_type=&order=newest&page=3
86,Sebamed Anti Dandruff shampoo,5,"ini shampoo ajaib banget buat ngilangin ketombe, aku pake shampoo ini semingguan ketombe aku sirna dan musnah sampai ke akar akarnya, cocok banget buat yg memiliki masalah kulit kepala rewel, sensitif, dan kering",https://reviews.femaledaily.com/products/shampoo-conditioner/shampoo-64/sebamed/anti-dandruff-shampoo?cat=&cat_id=0&age_range=&skin_type=&skin_tone=&skin_undertone=&hair_texture=&hair_type=&order=newest&page=7
87,Sebamed Anti Dandruff shampoo,4,"manfaatnya di rambutku sih biasa aja. ketombe tetep ada tp nggak sebanyak kalau pakai shampoo lain, mungkin cara pakainya yg nggak bener kali ya. karena rada mahal aku pakainya dikit2 pdhl ini shampoo nggak berbusa",https://reviews.femaledaily.com/products/shampoo-conditioner/shampoo-64/sebamed/anti-dandruff-shampoo?cat=&cat_id=0&age_range=&skin_type=&skin_tone=&skin_undertone=&hair_texture=&hair_type=&order=newest&page=8
88,Sebamed Anti Dandruff shampoo,3,"gak pengaruh buat ketombe dirambutku, dan mahal banget hargannya, kupikir bakalan bisa nyembuhin ketombe diriku ternyata tidak sama sekali dan tetap gatal banget,",https://reviews.femaledaily.com/products/shampoo-conditioner/shampoo-64/sebamed/anti-dandruff-shampoo?cat=&cat_id=0&age_range=&skin_type=&skin_tone=&skin_undertone=&hair_texture=&hair_type=&order=newest&page=9
89,Sebamed Anti Dandruff shampoo,2,harganya lumayan mahal dan bikin rambut kusut meskipun udah pake conditioner &bikin rambut rontok!,https://reviews.femaledaily.com/products/shampoo-conditioner/shampoo-64/sebamed/anti-dandruff-shampoo?cat=&cat_id=0&age_range=&skin_type=&skin_tone=&skin_undertone=&hair_texture=&hair_type=&order=newest&page=10
90,Sebamed Anti Dandruff shampoo,1,"pakai shampoo ini rambut jadi kering , harus pakai conditioner setelah pakai shampoo ini dan ketombe bukannya hilang malah tambah banyak, ga cocok sama sekali sama rambut aku. bau shampoo ini juga sedikit ga enak.",https://reviews.femaledaily.com/products/shampoo-conditioner/shampoo-64/sebamed/anti-dandruff-shampoo?cat=&cat_id=0&age_range=&skin_type=&skin_tone=&skin_undertone=&hair_texture=&hair_type=&order=newest&page=11
91,Lifebuoy shampoo Anti Dandruff,3,kalo habis pakai produk ini awal pemakaian emang sih ngerasanya bersih. tapi lama-lama kaya muncul ketombe. entah effek dari shamponya ap gimana.,https://reviews.femaledaily.com/products/shampoo-conditioner/shampoo-64/lifebuoy/lifebuoy-shampoo-anti-dandruff?cat=&cat_id=0&age_range=&skin_type=&skin_tone=&skin_undertone=&hair_texture=&hair_type=&order=newest&page=10
92,Lifebuoy shampoo Anti Dandruff,3,"entah kenapa produk ini yg klaimnya anti dandruff, di rambutku malah jadi ketombean, mungkin ga cocok aja sama rambutku.. padahal di antara sampo anti dandruff lainnya lumayan afforadble :D, tp sayang ga cocok",https://reviews.femaledaily.com/products/shampoo-conditioner/shampoo-64/lifebuoy/lifebuoy-shampoo-anti-dandruff?cat=&cat_id=0&age_range=&skin_type=&skin_tone=&skin_undertone=&hair_texture=&hair_type=&order=newest&page=10
93,Rejoice Anti Dandruff 3 in 3,4,Dia enak dikulit kepala ada sensasi dingin seger gitu kalo buat dandruf kayak gak terlalu berpengaruh sih cuma yang aku suka ya ada sensasi dinginnya gitu. dan dia gak bikin rambut gatel juga,https://reviews.femaledaily.com/products/shampoo-conditioner/shampoo-64/rejoice/anti-dandruff-3in1?cat=&cat_id=0&age_range=&skin_type=&skin_tone=&skin_undertone=&hair_texture=&hair_type=&order=newest&page=1
94,Rejoice Anti Dandruff 3 in 4,4,"Pernah suka juga sama shampoo ini, wangi enak banget, rambut jadi lembut. Tapi balik ke tujuan utamanya di aku ini gak terlalu ngefek ngurangi ketombe. Tapi dari segi lainnya shampoo ini bagus",https://reviews.femaledaily.com/products/shampoo-conditioner/shampoo-64/rejoice/anti-dandruff-3in1?cat=&cat_id=0&age_range=&skin_type=&skin_tone=&skin_undertone=&hair_texture=&hair_type=&order=newest&page=2
95,Rejoice Anti Dandruff 3 in 5,3,"rambut aku jadi kasar, susah di atur , pokoknya kek yang gitu deh.. mungkin aku ga cocok pake rejoice yang ini ... jadi aku ganti shampoo lagi ..",https://reviews.femaledaily.com/products/shampoo-conditioner/shampoo-64/rejoice/anti-dandruff-3in1?cat=&cat_id=0&age_range=&skin_type=&skin_tone=&skin_undertone=&hair_texture=&hair_type=&order=newest&page=3
96,Rejoice Anti Dandruff 3 in 6,3,"wanginya tahan lama banget ya, itu point plusnya, harganya juga terjangkau, untuk shampoo anti ketombe ini dulu pernah cobain tapi sayangnya ga bekerja sesuai klaimnya, ketombe masih bertengger aja di kulit kepala, jadi aku ga lanjutin pake deh..untuk shampoo sih cocok2an ya.",https://reviews.femaledaily.com/products/shampoo-conditioner/shampoo-64/rejoice/anti-dandruff-3in1?cat=&cat_id=0&age_range=&skin_type=&skin_tone=&skin_undertone=&hair_texture=&hair_type=&order=newest&page=4
97,Rejoice Anti Dandruff 3 in 7,2,"biasa aja, ga ngefek apa-apa. ketombe ga berkurang, malah bikin gatel kulit kepala. belum lagu dia bikin kering rambut aku.",https://reviews.femaledaily.com/products/shampoo-conditioner/shampoo-64/rejoice/anti-dandruff-3in1?cat=&cat_id=0&age_range=&skin_type=&skin_tone=&skin_undertone=&hair_texture=&hair_type=&order=newest&page=5
98,Rejoice Anti Dandruff 3 in 8,2,"gak begitu ampuh menghilangkan ketombe. kadang bikin kulit kepala gatal. dan yang bikin paling sedih, dia bikin bruntusan",https://reviews.femaledaily.com/products/shampoo-conditioner/shampoo-64/rejoice/anti-dandruff-3in1?cat=&cat_id=0&age_range=&skin_type=&skin_tone=&skin_undertone=&hair_texture=&hair_type=&order=newest&page=6
99,Lifebuoy shampoo Anti Dandruff,3,yg ini si katanya anti ketombe. tapi aku ttp ketombean pake ini. semua varian shampoo livebuoy bikin kulit kepala aku makin berminyak dan batang rambut kering. no repurchase,https://reviews.femaledaily.com/products/shampoo-conditioner/shampoo-64/lifebuoy/lifebuoy-shampoo-anti-dandruff?cat=&cat_id=0&age_range=&skin_type=&skin_tone=&skin_undertone=&hair_texture=&hair_type=&order=newest&page=10
100,Rejoice Anti Dandruff 3 in 10,1,"beli produk ini karna klaim nya yang anti ketombe tapii pas aku coba,aku malah ketombe an parah apalagi pas pake hijab siang siang makin gatel deh ni kepala",https://reviews.femaledaily.com/products/shampoo-conditioner/shampoo-64/rejoice/anti-dandruff-3in1?cat=&cat_id=0&age_range=&skin_type=&skin_tone=&skin_undertone=&hair_texture=&hair_type=&order=newest&page=1
101,Sunsilk Anti Dandruff Solution shampoo,5,aku suka banget shampoo ini ga bikin rambut kering dan kaku kaya kebanyakan shampoo untuk ketombe. Bikin rambut halus dan ga gampang lepek juga kalau pakai shampoo ini. Terus wanginya khas produk sunsilk yang enak banget.,https://reviews.femaledaily.com/products/shampoo-conditioner/shampoo-64/sunsilk/anti-dandruff-solution?cat=&cat_id=0&age_range=&skin_type=&skin_tone=&skin_undertone=&hair_texture=&hair_type=&order=newest&page=1
102,Sunsilk Anti Dandruff Solution shampoo,5,"Aku dulu banget pakai ini dan cocok banget di aku, bisa ngilangin ketombe, dan bikin rambut lembut. Tapi sekarang udah ganti packaging dan formula jadi gak bisa pakai yang ini lagi, untuk wanginya biasa aja khas shampoo sunsilk.",https://reviews.femaledaily.com/products/shampoo-conditioner/shampoo-64/sunsilk/anti-dandruff-solution?cat=&cat_id=0&age_range=&skin_type=&skin_tone=&skin_undertone=&hair_texture=&hair_type=&order=newest&page=2
103,Sunsilk Anti Dandruff Solution shampoo,4,"sunsilk ketombe ini bikin fresh dan mengurangi minyak di kulit kepala. aku merekomendasikan untuk rambut yang lepek, ketombean, dan berminyak.",https://reviews.femaledaily.com/products/shampoo-conditioner/shampoo-64/sunsilk/anti-dandruff-solution?cat=&cat_id=0&age_range=&skin_type=&skin_tone=&skin_undertone=&hair_texture=&hair_type=&order=newest&page=3
104,Sunsilk Anti Dandruff Solution shampoo,4,"semenjak pake shampoo ini rambutku jadi berkurang ketombenya ,dan rambut juga ga lepek lagi . wanginya juga enak gak nyegrakk , dulu sebelum pake ini selain rambut ketombean dan lepek kulit kepala juga suka gatel ,tp sekarang udah lumayan berkurang gatelnya",https://reviews.femaledaily.com/products/shampoo-conditioner/shampoo-64/sunsilk/anti-dandruff-solution?cat=&cat_id=0&age_range=&skin_type=&skin_tone=&skin_undertone=&hair_texture=&hair_type=&order=newest&page=4
105,Sunsilk Anti Dandruff Solution shampoo,3,"shampoo ini enak bgt baunya , buat ngilangin ketombe emang bisa , rambut juga udah ga lepek lagi , tp sayangnya rambut aku sekarang malah rontok dan jadi susah di atur.. padahal udah jatuh cinta sama baunya nyegerin",https://reviews.femaledaily.com/products/shampoo-conditioner/shampoo-64/sunsilk/anti-dandruff-solution?cat=&cat_id=0&age_range=&skin_type=&skin_tone=&skin_undertone=&hair_texture=&hair_type=&order=newest&page=5
106,Sunsilk Anti Dandruff Solution shampoo,3,"wangi nya sih oke dan rambut jadi agak lembut gitu tapi gk gitu ngefek ngurangin kotembe dikepalaku, rambut juga agak cepat minyak kan rasanya. Semakin lama dipake makin gk cocok, kulit kepala jdi gatal",https://reviews.femaledaily.com/products/shampoo-conditioner/shampoo-64/sunsilk/anti-dandruff-solution?cat=&cat_id=0&age_range=&skin_type=&skin_tone=&skin_undertone=&hair_texture=&hair_type=&order=newest&page=6
107,Sunsilk Anti Dandruff Solution shampoo,2,gak ada masalah sama rambutnya sebenernya. tapi kepala jadi ketombean parah. sampe numpuk gitu. padahal aku udah bersih bilasnya. pake shampoo nya juga gak banyak,https://reviews.femaledaily.com/products/shampoo-conditioner/shampoo-64/sunsilk/anti-dandruff-solution?cat=&cat_id=0&age_range=&skin_type=&skin_tone=&skin_undertone=&hair_texture=&hair_type=&order=newest&page=7
108,Sunsilk Anti Dandruff Solution shampoo,2,"Dalam hal menghilangkan ketombe dan mengurangi gatal, Sunsilk ini masih kalah dengan beberapa merek shampoo khusus anti ketombe",https://reviews.femaledaily.com/products/shampoo-conditioner/shampoo-64/sunsilk/anti-dandruff-solution?cat=&cat_id=0&age_range=&skin_type=&skin_tone=&skin_undertone=&hair_texture=&hair_type=&order=newest&page=8
109,Sunsilk Anti Dandruff Solution shampoo,1,setelah pakai ini shampoo ketombe malah jadi lebih banyak. Rambut juga enggak jadi lembut malah kering jatuhnya. Harganya sih standar aja,https://reviews.femaledaily.com/products/shampoo-conditioner/shampoo-64/sunsilk/anti-dandruff-solution?cat=&cat_id=0&age_range=&skin_type=&skin_tone=&skin_undertone=&hair_texture=&hair_type=&order=newest&page=9
110,Sunsilk Anti Dandruff Solution shampoo,1,"Kurang cocok pake Sunsilk Anti ketombe. Disamping ketombe masih ada, kulit kepala jadi cepet banget gatal. Kalo sering-sering cuci rambut masalahnya rambut jadi kering. Serba salah pakenya. Sekarang udah stop pake produk ini ",https://reviews.femaledaily.com/products/shampoo-conditioner/shampoo-64/sunsilk/anti-dandruff-solution?cat=&cat_id=0&age_range=&skin_type=&skin_tone=&skin_undertone=&hair_texture=&hair_type=&order=newest&page=10
111,Lifebuoy shampoo Anti Dandruff,3,nyoba ini karena klaimnya sih buat ketombe. wanginya sih enak banget ya dan tahan lama. tapi sayangnya dirambut aku jadi ngembang banget kalo rambut udah kering. buat ngilangin ketombenya sih lumayan ya.,https://reviews.femaledaily.com/products/shampoo-conditioner/shampoo-64/lifebuoy/lifebuoy-shampoo-anti-dandruff?cat=&cat_id=0&age_range=&skin_type=&skin_tone=&skin_undertone=&hair_texture=&hair_type=&order=newest&page=10
112,L'oreal Professionnel Instant Clear Anti Dandruff shampoo,5,"Kulit kepala jadi gapernah gatal, tidak ada ketombe, dan keset kalo shampooan. Wanginya menthol dan jadi berasa bersih pakai ini.",https://reviews.femaledaily.com/products/shampoo-conditioner/shampoo-64/loreal-professionnel/loreal-expert?cat=&cat_id=0&age_range=&skin_type=&skin_tone=&skin_undertone=&hair_texture=&hair_type=&order=newest&page=1
113,L'oreal Professionnel Instant Clear Anti Dandruff shampoo,4,"Cocok  di aku buat ngilangin ketombe, dan emang kulit kepala jadi lebih seger gitu.",https://reviews.femaledaily.com/products/shampoo-conditioner/shampoo-64/loreal-professionnel/loreal-expert?cat=&cat_id=0&age_range=&skin_type=&skin_tone=&skin_undertone=&hair_texture=&hair_type=&order=newest&page=2
114,L'oreal Professionnel Instant Clear Anti Dandruff shampoo,4,Pernah pakai produk ini karena disaranin sama mbak-mbak salon dan ternyata hasilnya keren banget! Bisa ngurangin ketombe trus wangi juga. Habis shampooan rambutnya berasa fresh banget dan pas kering nggak bikin rambut kaku gitu,https://reviews.femaledaily.com/products/shampoo-conditioner/shampoo-64/loreal-professionnel/loreal-expert?cat=&cat_id=0&age_range=&skin_type=&skin_tone=&skin_undertone=&hair_texture=&hair_type=&order=newest&page=3
115,L'oreal Professionnel Instant Clear Anti Dandruff shampoo,3,"Di aku bikin batang rambut jadi kering. Kering banget sih. Jadi harus ditambah dengan conditioner supaya rambut jadi lebih lembut. Untuk efektivitas menghilangkan ketombenya emang berkurang ya, tapi tetep kalo ga ngeringin rambut sampai benar benar kering akan menimbulkan ketombe juga",https://reviews.femaledaily.com/products/shampoo-conditioner/shampoo-64/loreal-professionnel/loreal-expert?cat=&cat_id=0&age_range=&skin_type=&skin_tone=&skin_undertone=&hair_texture=&hair_type=&order=newest&page=4
116,L'oreal Professionnel Instant Clear Anti Dandruff shampoo,3,"Wangi ga terlalu kuat tapi segar. Pas diaplikasiin ga yg dingin menthol banget tapi tetap ada dingin2 nya. Tapi.. Ga ngefek banyak di aku yang punya ketombe parah. Bersih buat sekali keramas, tapi dua tiga hari uda gatal dan ketombe muncul lagi. ",https://reviews.femaledaily.com/products/shampoo-conditioner/shampoo-64/loreal-professionnel/loreal-expert?cat=&cat_id=0&age_range=&skin_type=&skin_tone=&skin_undertone=&hair_texture=&hair_type=&order=newest&page=5
117,Lifebuoy shampoo Anti Dandruff,3,Pas coba pake shampo ini beberapa kali.. menurutku kurang cocok di rambut ku. soalnya rambutku jadi kusut.. susah di atur.. kusam gitu.. akhirnya beralih deh ke shampo lain.. walaupun shampo ini harganya sangat lumayan murah dan isinya juga lumayan byk..,https://reviews.femaledaily.com/products/shampoo-conditioner/shampoo-64/lifebuoy/lifebuoy-shampoo-anti-dandruff?cat=&cat_id=0&age_range=&skin_type=&skin_tone=&skin_undertone=&hair_texture=&hair_type=&order=newest&page=10
118,L'oreal Professionnel Instant Clear Anti Dandruff shampoo,4,"hasilnya memuaskan, no ketombe, no rambut kering",https://reviews.femaledaily.com/products/shampoo-conditioner/shampoo-64/loreal-professionnel/loreal-expert?cat=&cat_id=0&age_range=&skin_type=&skin_tone=&skin_undertone=&hair_texture=&hair_type=&order=newest&page=3
119,L'oreal Professionnel Instant Clear Anti Dandruff shampoo,3,shampoo nya cukup bagus dan ampuh ngatasin ketombe. gak bikin kering kayak shampoo anti ketombe yang di jual di pasaran. gak bikin rambut berwarna cepet pudar juga. bagus buat rambut berwarna pengen pake shampoo anti ketombe. cuma shampoo ini susah dicarinya.,https://reviews.femaledaily.com/products/shampoo-conditioner/shampoo-64/loreal-professionnel/loreal-expert?cat=&cat_id=0&age_range=&skin_type=&skin_tone=&skin_undertone=&hair_texture=&hair_type=&order=newest&page=4
120,L'oreal Professionnel Instant Clear Anti Dandruff shampoo,3,Ketombe masih ada. Kadang2 masih gatal. Masih lepek juga di hari ke 2. Mungkin nggak repurchase karena terlalu mahal,https://reviews.femaledaily.com/products/shampoo-conditioner/shampoo-64/loreal-professionnel/loreal-expert?cat=&cat_id=0&age_range=&skin_type=&skin_tone=&skin_undertone=&hair_texture=&hair_type=&order=newest&page=5
121,Schwarzkopf Extra Care Anti Dandruff shampoo,4,"Waktu pernah ketombean, cobain Schwarzkopf ini dan cocok. Wanginya beda dari shampoo dipasaran.",https://reviews.femaledaily.com/products/shampoo-conditioner/shampoo-64/schwarzkopf/extra-care?cat=&cat_id=0&age_range=&skin_type=&skin_tone=&skin_undertone=&hair_texture=&hair_type=&order=newest&page=1
122,Schwarzkopf Extra Care Anti Dandruff shampoo,2,"bau shampoonya enak. entah kenapa kalo yg lain bilang bikin rambut kering dan megar. tapi untuk rambut aku yang lemes, alus dan berminyak banget jadinya cocok. jadinya rambut aku lebih bertekstur, bervolume dan gak gampang lepek. tapi untuk anti ketombenya engga ngaruh, tetep aja ketombean, semakin parah malah",https://reviews.femaledaily.com/products/shampoo-conditioner/shampoo-64/schwarzkopf/extra-care?cat=&cat_id=0&age_range=&skin_type=&skin_tone=&skin_undertone=&hair_texture=&hair_type=&order=newest&page=2
123,Schwarzkopf Extra Care Anti Dandruff shampoo,4,"Bau shampoonya enak, nagih kalo ciumin rambut hehe. Rambutnya sih jadi ringan pas habis pakai ini, terus lembut. Untuk anti ketombe menurutku ampuh banget, kenapa? Soalnya aku pernah dikasih tau sama cici salon, kalau pake shampoo anti-ketombe terus ketombenya jadi kering, artinya shampoo itu bagus. Di aku jadi seperti itu, ilangnya cepet, cuma sekali pakai saja!",https://reviews.femaledaily.com/products/shampoo-conditioner/shampoo-64/schwarzkopf/extra-care?cat=&cat_id=0&age_range=&skin_type=&skin_tone=&skin_undertone=&hair_texture=&hair_type=&order=newest&page=3
124,Schwarzkopf Extra Care Anti Dandruff shampoo,4,"Mungkin ini salah satu shampoo anti ketonbe yang bertahan lama buat aku. Setelah nyoba segala shampoo untuk rambut lepek dan ketombe dan hanya bagus diawal pemakaian, akhirnya iseng nyoba shampoo ini. Wanginya buat aku biasa sih gak terlalu wangi, rambut juga gak jd kering. Repurchase sekitar 3x, tp setelahnya efek bagusnya terasa berkurang akhirnya males deh.. hehe",https://reviews.femaledaily.com/products/shampoo-conditioner/shampoo-64/schwarzkopf/extra-care?cat=&cat_id=0&age_range=&skin_type=&skin_tone=&skin_undertone=&hair_texture=&hair_type=&order=newest&page=4
125,Schwarzkopf Extra Care Anti Dandruff shampoo,3,shampoonya lumayan enak. Baunya itulooh enaak banget. Wangi dan tahan lama. Teksturnya juga nggak creamy creamy banget. Malah bikin shampoonya cepat habis wkwk. Kemasannya kelihatan mahal lol. Overall aku cukup suka namun nggak akan repurchase,https://reviews.femaledaily.com/products/shampoo-conditioner/shampoo-64/schwarzkopf/extra-care?cat=&cat_id=0&age_range=&skin_type=&skin_tone=&skin_undertone=&hair_texture=&hair_type=&order=newest&page=5
126,Schwarzkopf Extra Care Anti Dandruff shampoo,2,"Awalnya iseng coba shampoo ini karena pake yg kemasan hitam cocok. Tapi ternyata yang ini ga cocok di aku. Rambut jadi kering, megar, kaku kaya ijuk. Wanginya juga ga seenak yang kemasan hitam. Ga akan beli lagi",https://reviews.femaledaily.com/products/shampoo-conditioner/shampoo-64/schwarzkopf/extra-care?cat=&cat_id=0&age_range=&skin_type=&skin_tone=&skin_undertone=&hair_texture=&hair_type=&order=newest&page=6
127,Schwarzkopf Extra Care Anti Dandruff shampoo,2,"anti ketombenya engga ngaruh, tetep aja ketombean, semakin parah malah",https://reviews.femaledaily.com/products/shampoo-conditioner/shampoo-64/schwarzkopf/extra-care?cat=&cat_id=0&age_range=&skin_type=&skin_tone=&skin_undertone=&hair_texture=&hair_type=&order=newest&page=7
128,Schwarzkopf Extra Care Anti Dandruff shampoo,1,"setelah ngabisin shampoo ini ketombenya ga berkurang, bikin kulit kepala gatel juga dan rambut malah tambah kering. shampoonya bikin kulit kepala jadi lembab banget jadi bikin keliatan lepek diatas dan kering dibagian bawah rambut",https://reviews.femaledaily.com/products/shampoo-conditioner/shampoo-64/schwarzkopf/extra-care?cat=&cat_id=0&age_range=&skin_type=&skin_tone=&skin_undertone=&hair_texture=&hair_type=&order=newest&page=8
129,Lifebuoy shampoo Anti Dandruff,3,di aku ini nggak sesuai klaimnya yang ilangin ketombe. oke awal awal sih ilang tapi lama lama enggak ngaruh jadi aku ganti merk,https://reviews.femaledaily.com/products/shampoo-conditioner/shampoo-64/lifebuoy/lifebuoy-shampoo-anti-dandruff?cat=&cat_id=0&age_range=&skin_type=&skin_tone=&skin_undertone=&hair_texture=&hair_type=&order=newest&page=10
130,Schwarzkopf Extra Care Anti Dandruff shampoo,2,"Setelah pake gk berapa lama, kok malah kepala gatel2 ? sayang banget aku ga cocok malah sisa masih banyak, dan menurut aku untuk ukuran shampoo harga segini trmasuk agak sedikit mahal ketimbang sama shampoo lainnya",https://reviews.femaledaily.com/products/shampoo-conditioner/shampoo-64/schwarzkopf/extra-care?cat=&cat_id=0&age_range=&skin_type=&skin_tone=&skin_undertone=&hair_texture=&hair_type=&order=newest&page=1
131,Lifebuoy shampoo Anti Dandruff,3,Kurang suka sama shampoo ini. Soalnya bikin kulit kepalaku gatal dan rambutku kusut. Nggak tau kenaoa ga pernah cocok sama produk shampoo merk ini. Lebih suka sama produk sabunnya. Jadi sku jarang beli shampoo nya. Harganya terjangkau. Mudah didapat.,https://reviews.femaledaily.com/products/shampoo-conditioner/shampoo-64/lifebuoy/lifebuoy-shampoo-anti-dandruff?cat=&cat_id=0&age_range=&skin_type=&skin_tone=&skin_undertone=&hair_texture=&hair_type=&order=newest&page=10
132,Syoss Anti Dandruff Control shampoo,5,"enak banget pake shampoo syoss anti ketombe ini. wanginya enak, harum tahan lama, gampang disisir, rambut jadi lembut gak gampang rontok jadinya. repurchase terus-terusan ini mah",https://reviews.femaledaily.com/products/shampoo-conditioner/shampoo-64/syoss/anti-dandruff?cat=&cat_id=0&age_range=&skin_type=&skin_tone=&skin_undertone=&hair_texture=&hair_type=&order=newest&page=2
133,Syoss Anti Dandruff Control shampoo,4,"harganya terjangkau, efektif mengurangi rasa gatal dan ketombe. Mungkin akan repurchase",https://reviews.femaledaily.com/products/shampoo-conditioner/shampoo-64/syoss/anti-dandruff?cat=&cat_id=0&age_range=&skin_type=&skin_tone=&skin_undertone=&hair_texture=&hair_type=&order=newest&page=3
134,Syoss Anti Dandruff Control shampoo,4,"Aku lagi pake shampoo ini dan hasilnya ketombe aku ilang. Rontok nya juga sedikit berkurang. Wanginya enak dan cukup lathering. Tapi bikin rambut aku keliatan kering, jadi habis keramas pake shampoo ini wajib pake conditioner biar ga terlalu kering.",https://reviews.femaledaily.com/products/shampoo-conditioner/shampoo-64/syoss/anti-dandruff?cat=&cat_id=0&age_range=&skin_type=&skin_tone=&skin_undertone=&hair_texture=&hair_type=&order=newest&page=4
135,Syoss Anti Dandruff Control shampoo,3,"Syoss anti ketombe ini tidak menghilangkan ketombe saya, tapi lumayan mengurangi gatalnya. shampoo ini lebih membuat rambut saya lembut drpd shampoo anti ketombe yang lainnya. Baunya lumayan suka tapi tdk terlalu bertahan lama.",https://reviews.femaledaily.com/products/shampoo-conditioner/shampoo-64/syoss/anti-dandruff?cat=&cat_id=0&age_range=&skin_type=&skin_tone=&skin_undertone=&hair_texture=&hair_type=&order=newest&page=5
136,Syoss Anti Dandruff Control shampoo,3,"di aku nggak membantu ngilangin ketombe dan gatal yah, mungkin emang ga cocok di akunya ya. wanginya enak dan busanya cukup banyak. tapi nggak ngasih efek yang bagus di aku jadinya nggak akan repurchase",https://reviews.femaledaily.com/products/shampoo-conditioner/shampoo-64/syoss/anti-dandruff?cat=&cat_id=0&age_range=&skin_type=&skin_tone=&skin_undertone=&hair_texture=&hair_type=&order=newest&page=6
137,Syoss Anti Dandruff Control shampoo,2,"Ternyata ketika di pakai shampoo ini ga enak, syoss ini bikin rambutku kasar dan rontok walaupun pakai conditionernya jg. ",https://reviews.femaledaily.com/products/shampoo-conditioner/shampoo-64/syoss/anti-dandruff?cat=&cat_id=0&age_range=&skin_type=&skin_tone=&skin_undertone=&hair_texture=&hair_type=&order=newest&page=7
138,Syoss Anti Dandruff Control shampoo,2,"3 minggu pertama emg ilang tuh ketombe abis itu muncul lagi dan malah parahnya jadi nimbulin gatal2. kasar juga rambut aku tuh. duh serem banget, sorry. ga aku abisin deh ini shampoo, padahal baunya enak.",https://reviews.femaledaily.com/products/shampoo-conditioner/shampoo-64/syoss/anti-dandruff?cat=&cat_id=0&age_range=&skin_type=&skin_tone=&skin_undertone=&hair_texture=&hair_type=&order=newest&page=8
139,Syoss Anti Dandruff Control shampoo,1,syoss ini bikin rambutku kasar dan rontok walaupun pakai conditionernya jg.,https://reviews.femaledaily.com/products/shampoo-conditioner/shampoo-64/syoss/anti-dandruff?cat=&cat_id=0&age_range=&skin_type=&skin_tone=&skin_undertone=&hair_texture=&hair_type=&order=newest&page=9
140,Syoss Anti Dandruff Control shampoo,3,mengurangi rambut rontok/ketombenya gak kerasa karena saya cuma pakai 2 bulanan aja,https://reviews.femaledaily.com/products/shampoo-conditioner/shampoo-64/syoss/anti-dandruff?cat=&cat_id=0&age_range=&skin_type=&skin_tone=&skin_undertone=&hair_texture=&hair_type=&order=newest&page=10
141,Lifebuoy shampoo Anti Dandruff,3,"malah bikin ketombean, sekeluarga pake ini jadi ketombean dan stop, akhirnya beralih ke sampo dari brand lain hihi",https://reviews.femaledaily.com/products/shampoo-conditioner/shampoo-64/lifebuoy/lifebuoy-shampoo-anti-dandruff?cat=&cat_id=0&age_range=&skin_type=&skin_tone=&skin_undertone=&hair_texture=&hair_type=&order=newest&page=10
142,Neril Anti Dandruff Shield shampoo,5,"Bagus banget untuk rambut yang ketombean. Pakai ini satu botol langsung ga ketombean aku. Tapi aku gabingin sama tonernya juga. Cuma kalau dipakai kebanyakan rambut jadi agak kering. Untul wanginya sendiri kaya obat, tapi ga masalah si buat aku",https://reviews.femaledaily.com/products/shampoo-conditioner/shampoo-64/neril/anti-dandruff-shield-shampoo?cat=&cat_id=0&age_range=&skin_type=&skin_tone=&skin_undertone=&hair_texture=&hair_type=&order=newest&page=1
143,Neril Anti Dandruff Shield shampoo,4,"Ampuh hilangin ketombe, 2x pemakaian udah terasa banget. Wanginya lembut dan busanya lumayan banyak. Tapi sayangnya aja rambut jadi kering dan rontok sehingga harus banget pakai vitamin atau serum. Harganya masih terjangkau",https://reviews.femaledaily.com/products/shampoo-conditioner/shampoo-64/neril/anti-dandruff-shield-shampoo?cat=&cat_id=0&age_range=&skin_type=&skin_tone=&skin_undertone=&hair_texture=&hair_type=&order=newest&page=2
144,Neril Anti Dandruff Shield shampoo,4, Udah coba berbagai merk shampoo anti ketombe tapi belum ada yg manjur. Baru Neril ini yg berhasil. Mungkin krn dibarengi jg dgn hair tonicnya yg mengandung salicylic acid.,https://reviews.femaledaily.com/products/shampoo-conditioner/shampoo-64/neril/anti-dandruff-shield-shampoo?cat=&cat_id=0&age_range=&skin_type=&skin_tone=&skin_undertone=&hair_texture=&hair_type=&order=newest&page=3
145,Neril Anti Dandruff Shield shampoo,3,"shampoo ini sendiri sih aromanya ga terlalu enak, khas Neril bgt sih. Busanya banyak, setelah dibilas terasa bersih & segar.",https://reviews.femaledaily.com/products/shampoo-conditioner/shampoo-64/neril/anti-dandruff-shield-shampoo?cat=&cat_id=0&age_range=&skin_type=&skin_tone=&skin_undertone=&hair_texture=&hair_type=&order=newest&page=4
146,Neril Anti Dandruff Shield shampoo,3,"Menurut aku shampoo ini lumayan ampuh buat ngatasin ketombeku. Tapi yang aku kurang suka tuh ini bikin rambutku kayak kesat gitu, pas bilasnya jadi kerasa gak nyaman, terus setelahnya bikin rambutku jadi kering, kusut gitu jadinya rambutku rontoknya banyakkk pas disisir.",https://reviews.femaledaily.com/products/shampoo-conditioner/shampoo-64/neril/anti-dandruff-shield-shampoo?cat=&cat_id=0&age_range=&skin_type=&skin_tone=&skin_undertone=&hair_texture=&hair_type=&order=newest&page=5
147,Neril Anti Dandruff Shield shampoo,2,Tapi udah abis satu botol nggak ada perubahan apapun. ketombe tetep nangkring dan ga berkurang sedikit pun,https://reviews.femaledaily.com/products/shampoo-conditioner/shampoo-64/neril/anti-dandruff-shield-shampoo?cat=&cat_id=0&age_range=&skin_type=&skin_tone=&skin_undertone=&hair_texture=&hair_type=&order=newest&page=6
148,Neril Anti Dandruff Shield shampoo,2,wanginya biasa aja dan ketombeku tetap ada,https://reviews.femaledaily.com/products/shampoo-conditioner/shampoo-64/neril/anti-dandruff-shield-shampoo?cat=&cat_id=0&age_range=&skin_type=&skin_tone=&skin_undertone=&hair_texture=&hair_type=&order=newest&page=7
149,Neril Anti Dandruff Shield shampoo,3,lumayan ampuh buat ngilangin ketombe tapi fragrancenya kayak bau obat banget trus suka bikin rambut cepat lepek dan agak susah kering,https://reviews.femaledaily.com/products/shampoo-conditioner/shampoo-64/neril/anti-dandruff-shield-shampoo?cat=&cat_id=0&age_range=&skin_type=&skin_tone=&skin_undertone=&hair_texture=&hair_type=&order=newest&page=8
150,Neril Anti Dandruff Shield shampoo,4,"ini shampoo terbaik sejauh ini buat ngurangin ketombe. walaupun setelahnya rambut jadi kesat dan kering, tapi ketombe berangsur² hilang",https://reviews.femaledaily.com/products/shampoo-conditioner/shampoo-64/neril/anti-dandruff-shield-shampoo?cat=&cat_id=0&age_range=&skin_type=&skin_tone=&skin_undertone=&hair_texture=&hair_type=&order=newest&page=9
151,Lifebuoy shampoo Anti Dandruff,3, Mudah ditemuin dimana-mana. Diwarung-warung pun ada harganya affordable pula. Tapi sayang di kulit kepala aku kurang ngefek sii. Gak ilang ketombeannya.,https://reviews.femaledaily.com/products/shampoo-conditioner/shampoo-64/lifebuoy/lifebuoy-shampoo-anti-dandruff?cat=&cat_id=0&age_range=&skin_type=&skin_tone=&skin_undertone=&hair_texture=&hair_type=&order=newest&page=10
152,Dove Anti Ketombe,5,"Bagus.  ngurangin ketombe bahkan ngilangin, wangi, melembutkan. rambut jadi glowing bersinar enak dipegang. gampang ditemuin.  ciri shampoo cocok sama kita itu waktu ngebilas rambutnya gak berasa keset.",https://reviews.femaledaily.com/products/shampoo-conditioner/shampoo-64/dove/dandruff-care?cat=&cat_id=0&age_range=&skin_type=&skin_tone=&skin_undertone=&hair_texture=&hair_type=&order=newest&page=1
153,Dove Anti Ketombe,4,"shampoo ini punya wangi yg enak & awet bgt sampai 2 harian. Untuk klaim anti ketombe nya standar lah tapi bukan kayak yg merk biasa yg aku beli. Dirambut juga lembut bgt, untuk ketombe menurutku masih kurang ampuh ya",https://reviews.femaledaily.com/products/shampoo-conditioner/shampoo-64/dove/dandruff-care?cat=&cat_id=0&age_range=&skin_type=&skin_tone=&skin_undertone=&hair_texture=&hair_type=&order=newest&page=2
154,Dove Anti Ketombe,4,"Aku suka sih shampoo ini. Bikin rambut lembut seperti shampoo Dove pada umumnya. Wanginya pun lembut. Tapi efek mengurangi ketombenya menururku biasa aja sih. Kalau pas setelah keramas ok ketombe hilang, tapi selang beberapa hari ketombe kembali, sama efeknya dengan shampoo lain.",https://reviews.femaledaily.com/products/shampoo-conditioner/shampoo-64/dove/dandruff-care?cat=&cat_id=0&age_range=&skin_type=&skin_tone=&skin_undertone=&hair_texture=&hair_type=&order=newest&page=3
155,Dove Anti Ketombe,3,"Agak kecewa yaa sama shampoo ini ,aku pecinta shampoo dove udh lama pake yg total damage tapi karena sempet ketombean langsung aja pake dove ini tapi sayang bukan nya ketombe berkurang atau hilang malah makin banyak dan gatel nya itu lho kadang bikin kepala panas huhu sisa nya sih oke bikin lembut dan wangi juga",https://reviews.femaledaily.com/products/shampoo-conditioner/shampoo-64/dove/dandruff-care?cat=&cat_id=0&age_range=&skin_type=&skin_tone=&skin_undertone=&hair_texture=&hair_type=&order=newest&page=4
156,Dove Anti Ketombe,3,"Lebih enak sih. Lebih lembut juga. Setelah keramas juga rambut ngga kering, dan gampang diatur pdahal ngga pake conditioner. Tapi sayangnya, di sekitar pelipisku ketombenya ga berkurang. Ngga gatal sih",https://reviews.femaledaily.com/products/shampoo-conditioner/shampoo-64/dove/dandruff-care?cat=&cat_id=0&age_range=&skin_type=&skin_tone=&skin_undertone=&hair_texture=&hair_type=&order=newest&page=5
157,Dove Anti Ketombe,1,shampoo ini bikin rambutku rontok parah. ketombe juga gak hilang ternyata  terus kulit kepalaku juga gatal. wanginya enak sebenarnya. tapi kenapa aku gak cocok. padahal sudah lama pakai produknya Dove. jadi ya maaf gak aku lanjutkan pemakaiannya,https://reviews.femaledaily.com/products/shampoo-conditioner/shampoo-64/dove/dandruff-care?cat=&cat_id=0&age_range=&skin_type=&skin_tone=&skin_undertone=&hair_texture=&hair_type=&order=newest&page=6
158,Pantene shampoo Anti Ketombe,3,shampo pertamaku setelah beranjak dewasa. tapi sayangnya semenjak punya anak kepalaku berminyak dan ketombean kalo dibandingin merk sebelah jauh banget buat ngatasin ketombe. rambut tetep lepek dan ketombe basah masih ada yang bikin kulit kepala gatal. ,https://reviews.femaledaily.com/products/shampoo-conditioner/shampoo-64/pantene/up-to-10x-damage-protection?cat=&cat_id=0&age_range=&skin_type=&skin_tone=&skin_undertone=&hair_texture=&hair_type=&order=newest&page=6
159,Pantene shampoo Anti Ketombe,3,"Ketombe si ga berkurang banyak ya, masih lebih berkurang drastis pake head and shoulder.",https://reviews.femaledaily.com/products/shampoo-conditioner/shampoo-64/pantene/up-to-10x-damage-protection?cat=&cat_id=0&age_range=&skin_type=&skin_tone=&skin_undertone=&hair_texture=&hair_type=&order=newest&page=6
160,Dove Anti Ketombe,1,Bertahun2 pakai dove tp ketombe dan rambut rontok ga hilang atau berkurang sedikitpun. Yg ada malah rambutku memutih,https://reviews.femaledaily.com/products/shampoo-conditioner/shampoo-64/dove/dandruff-care?cat=&cat_id=0&age_range=&skin_type=&skin_tone=&skin_undertone=&hair_texture=&hair_type=&order=newest&page=1
161,Natur Natural Extract shampoo,5,"SUMPAHHHHH, yang punya permasalahan rambut ketombe dan gatal gatal karena ketombe wajib banget cobain shampoo ini! wanginya agak menyengat tapi menurutku itu poin plus atau oke banget karna artinya mereka beneran pake bahan tsb. yang paling penting, rambut aku jadi lumayan bersih dan bebas dari gatal gatal",https://reviews.femaledaily.com/products/shampoo-conditioner/shampoo-64/natur/natur-herbal-shampoo?cat=&cat_id=0&age_range=&skin_type=&skin_tone=&skin_undertone=&hair_texture=&hair_type=&order=newest&page=5
162,Pantene shampoo Anti Ketombe,3,di keluarga aku yang lain sih cocok-cocok aja cuman kalau ke aku ngga begitu ngurangin banyak ketombe cuman sedikit-dikit aja berkurangnya tapi shamponya bikin rambut wangi terus good,https://reviews.femaledaily.com/products/shampoo-conditioner/shampoo-64/pantene/up-to-10x-damage-protection?cat=&cat_id=0&age_range=&skin_type=&skin_tone=&skin_undertone=&hair_texture=&hair_type=&order=newest&page=6
163,Natur Natural Extract shampoo,4,aku beli yg Tea tree oil karena sesuai sama jenis kulit kepala aku yg ketombean basah. dia teksturnya gel bening dan juga busanya ga banyak. yg aku suka setelah pakai shampoo ini kulit kepala aku jd lebih bersih dan ada sensasi dingin2 nyaa. tp minusnya agak bkin kering rambut.,https://reviews.femaledaily.com/products/shampoo-conditioner/shampoo-64/natur/natur-herbal-shampoo?cat=&cat_id=0&age_range=&skin_type=&skin_tone=&skin_undertone=&hair_texture=&hair_type=&order=newest&page=5
164,Natur Natural Extract shampoo,4,beli ini emang buat ngilangin ketombe dan rambut lepek produknya bagus2 aja. cuman habis di shampoo bikin rambut kering jadi harus pake conditioner lagi ya.  baunya persis kayak toner tea tree nya jadi gabikin rambut yg wangi gitu,https://reviews.femaledaily.com/products/shampoo-conditioner/shampoo-64/natur/natur-herbal-shampoo?cat=&cat_id=0&age_range=&skin_type=&skin_tone=&skin_undertone=&hair_texture=&hair_type=&order=newest&page=6
165,Natur Natural Extract shampoo,2,"Rambutku bisa dibilang tebel bgt tp rontok, pake ini buat ngilangin ketombe. Tapi berkurangnya dikit, trs setiap keramas rambutku tambah rontok parah. Seger dikulit kepala sih, cuma hbs keramas hrs pake conditioner biar rambutku gak semakin kaya ijuk.",https://reviews.femaledaily.com/products/shampoo-conditioner/shampoo-64/natur/natur-herbal-shampoo?cat=&cat_id=0&age_range=&skin_type=&skin_tone=&skin_undertone=&hair_texture=&hair_type=&order=newest&page=7
166,Pantene shampoo Anti Ketombe,3,"Ketombe juga berkurang tapi malah jadi kering, rontok, dan ngembang di rambutku. Aku kurang suka sih :(",https://reviews.femaledaily.com/products/shampoo-conditioner/shampoo-64/pantene/up-to-10x-damage-protection?cat=&cat_id=0&age_range=&skin_type=&skin_tone=&skin_undertone=&hair_texture=&hair_type=&order=newest&page=6
167,Natur Natural Extract shampoo,2,Wanginya seger2 aja. Sedikit mengurangi ketombe jdi efeknya kurang nampol. Masih suka gatal kadang2 walau udh pake shampoo ini. Cuma bagusnya dia natural ya.,https://reviews.femaledaily.com/products/shampoo-conditioner/shampoo-64/natur/natur-herbal-shampoo?cat=&cat_id=0&age_range=&skin_type=&skin_tone=&skin_undertone=&hair_texture=&hair_type=&order=newest&page=5
168,Natur Natural Extract shampoo,2,"karna judulnya khusus untuk ketombe, udh berharap banyak nii, dan harganya lebih mahal dr shampoo natur varian lain, kirain bakal lebih baik, udh pake sampe 2 botol, ga ada efek apa2 di aku sedih bgt, dari segi bau, jauh lebih enak yg varian ginseng, aku kurang suka bau yg ini, repurchase? Tidak",https://reviews.femaledaily.com/products/shampoo-conditioner/shampoo-64/natur/natur-herbal-shampoo?cat=&cat_id=0&age_range=&skin_type=&skin_tone=&skin_undertone=&hair_texture=&hair_type=&order=newest&page=6
169,Natur Natural Extract shampoo,1,"yang awalnya berekspetasi untuk ngilangin ketombe pakai ini malah nambah ketombe, serta bikin rambut kering parah dan mudah patah. setelah pemakaian seminggu terus aku stop deh. ",https://reviews.femaledaily.com/products/shampoo-conditioner/shampoo-64/natur/natur-herbal-shampoo?cat=&cat_id=0&age_range=&skin_type=&skin_tone=&skin_undertone=&hair_texture=&hair_type=&order=newest&page=7
170,Natur Natural Extract shampoo,1,"Beli sepaket sama kondisionernya Tapi taunya ketombe makin banyak dan bikin gatel bangett, rambut rontok dan bikin ngembang",https://reviews.femaledaily.com/products/shampoo-conditioner/shampoo-64/natur/natur-herbal-shampoo?cat=&cat_id=0&age_range=&skin_type=&skin_tone=&skin_undertone=&hair_texture=&hair_type=&order=newest&page=8
171,Pantene shampoo Anti Ketombe,3,Di aku pribadi shampoo ini gak memenuhi klaimnya yang anti dandruff. kulit kepalaku tuh kalo udh sehari gk keramas cukup berminyak jadi shampoo ini kurang nampol.,https://reviews.femaledaily.com/products/shampoo-conditioner/shampoo-64/pantene/up-to-10x-damage-protection?cat=&cat_id=0&age_range=&skin_type=&skin_tone=&skin_undertone=&hair_texture=&hair_type=&order=newest&page=6
172,Head & Shoulders Lemon Fresh Anti Dandruff Shampoo,3,Tidak suka shampoo nya karena ketombeku tetap ada,https://reviews.femaledaily.com/products/shampoo-conditioner/shampoo-64/head-shoulders/lemon-fresh?cat=&cat_id=0&age_range=&skin_type=&skin_tone=&skin_undertone=&hair_texture=&hair_type=&order=newest&page=5
173,Mustika Ratu shampoo Merang,4,"shampoo ini efektif banget ngurangin ketombe di kepala, aroma rempahnya pun enak banget karena kebetulan aku suka bau rempah-rempah. tapi memang baiknya setelah menggunakan shampoo ini gunakan conditioner agar rambutnya jauh lebih halus dan tidak mudah kusut.",https://reviews.femaledaily.com/products/shampoo-conditioner/shampoo-64/mustika-ratu/shampoo-merang?cat=&cat_id=0&age_range=&skin_type=&skin_tone=&skin_undertone=&hair_texture=&hair_type=&order=newest&page=1
174,Mustika Ratu shampoo Merang,4,"shampoo ini lumayan mengurangi ketombe di aku. Dia juga busanya ga banyak. Baunya herbal tapi kalo udah dibilas ga yang aneh aneh. Cuma bikin rambut jadi agak kasar. Dia susah banget dicari, palingan yaa beli online. Harganya juga murah dan semoga bisa renewal formula supaya jadi lebih bagus lagi.",https://reviews.femaledaily.com/products/shampoo-conditioner/shampoo-64/mustika-ratu/shampoo-merang?cat=&cat_id=0&age_range=&skin_type=&skin_tone=&skin_undertone=&hair_texture=&hair_type=&order=newest&page=2
175,Mustika Ratu shampoo Merang,3,"pakai ini tujuannya utk menghilangkan ketombe.. hasilnya ketombe ga hilang sih, tp memang berkurang dan gatal-gatalnya pun bisa hilang hanya di hari pertama setelah keramas.. wajib pakai kondisioner setelah pakai produk ini karena membuat rambut kusut dan mengembang.. tp okenya bisa bikin rambut berkilau",https://reviews.femaledaily.com/products/shampoo-conditioner/shampoo-64/mustika-ratu/shampoo-merang?cat=&cat_id=0&age_range=&skin_type=&skin_tone=&skin_undertone=&hair_texture=&hair_type=&order=newest&page=3
176,Mustika Ratu shampoo Merang,3,"Dulu sempet lamaaa bgt pake shampoo ini, awalnya sih cocok2 aja, gabikin ketombean dan ga gampang lepek. Tapi makin kesini kok justru malah bikin kulit kepala gatal dan rambut cepet lepek ya??",https://reviews.femaledaily.com/products/shampoo-conditioner/shampoo-64/mustika-ratu/shampoo-merang?cat=&cat_id=0&age_range=&skin_type=&skin_tone=&skin_undertone=&hair_texture=&hair_type=&order=newest&page=4
177,Mustika Ratu shampoo Merang,2,"Beli ini karena lagi ketombean parah. shampoo ini pas di pakai tuh busa nya dikit, dan aku suka wanginya. Awal pakai ini lumayan ngefek sih, ketombenya berkurang, terus kepalanya ga gatel lagi, tapi setelah aku coba udah hampir setengah botol, malah ketombenya balik lagi dan rambutku juga jadi rontokan gitu",https://reviews.femaledaily.com/products/shampoo-conditioner/shampoo-64/mustika-ratu/shampoo-merang?cat=&cat_id=0&age_range=&skin_type=&skin_tone=&skin_undertone=&hair_texture=&hair_type=&order=newest&page=5
178,Mustika Ratu shampoo Merang,2,"pake shampoo ini rambutku langsung kasar bgt. daya bersihnya juga ga oke, rambut malah tetep lepek. packagingnya jg susahnya minta ampun pas dibuka. sampe jariku luka buka nih tutup flip topnya. ga lagi2 deh coba shampoo ini. ga ada bagus2nya",https://reviews.femaledaily.com/products/shampoo-conditioner/shampoo-64/mustika-ratu/shampoo-merang?cat=&cat_id=0&age_range=&skin_type=&skin_tone=&skin_undertone=&hair_texture=&hair_type=&order=newest&page=6
179,Mustika Ratu shampoo Merang,1,"ga cocok banget niatnya cari shampoo anti rontok dengan bahan yg alami akhirnya pilih shampoo ini, eh malah makin rontok banget dan ketombean makin banyak dan susah hilang",https://reviews.femaledaily.com/products/shampoo-conditioner/shampoo-64/mustika-ratu/shampoo-merang?cat=&cat_id=0&age_range=&skin_type=&skin_tone=&skin_undertone=&hair_texture=&hair_type=&order=newest&page=7
180,Mustika Ratu shampoo Merang,1,"niatnya beli ini buat ngurangin ketombe tapi ketombe ga berkurang, rambut jadi makin ngembang, busanya banyak banget, dan packagingnya susah dibuka. harus barbar pake kuku gitu kalo mau buka. wanginya juga biasa aja",https://reviews.femaledaily.com/products/shampoo-conditioner/shampoo-64/mustika-ratu/shampoo-merang?cat=&cat_id=0&age_range=&skin_type=&skin_tone=&skin_undertone=&hair_texture=&hair_type=&order=newest&page=8
181,Scarlett Yordanian Sea Salt shampoo,5,"shampoo ini bisa terbilang shampoo yang paling tahan lama baunnya, dan pastinya seger banget cocok buat yang rambutnya lepek kaya aku dan ketombeku hilang dalam beberapa kali pemakaian.",https://reviews.femaledaily.com/products/shampoo-conditioner/shampoo-64/scarlett/yordanian-sea-salt-shampoo?cat=&cat_id=0&age_range=&skin_type=&skin_tone=&skin_undertone=&hair_texture=&hair_type=&order=newest&page=1
182,Head & Shoulders Lemon Fresh Anti Dandruff Shampoo,3,"Sedih tidak cocok dengan produk ini, karena buat makin gatal kulit kepala. Padahal aromanya enak, rambut juga lebih lembut dan lebih berkilau, rambut juga gak cepat lepek . Tapi gak tau kenapa, ketombenya malah makin banyak, padahal di yang lain itu cocok.",https://reviews.femaledaily.com/products/shampoo-conditioner/shampoo-64/head-shoulders/lemon-fresh?cat=&cat_id=0&age_range=&skin_type=&skin_tone=&skin_undertone=&hair_texture=&hair_type=&order=newest&page=5
183,Scarlett Yordanian Sea Salt shampoo,4,"ini bantu banget kulit kepala ku yang lagi ketombe, dan juga rontok kek nya mulai berkurang si sejak pemakaian ke 6 kali, cuma disayangkan diaku gatau kena ini cepat banget buat rambut ku lepek",https://reviews.femaledaily.com/products/shampoo-conditioner/shampoo-64/scarlett/yordanian-sea-salt-shampoo?cat=&cat_id=0&age_range=&skin_type=&skin_tone=&skin_undertone=&hair_texture=&hair_type=&order=newest&page=1
184,Scarlett Yordanian Sea Salt shampoo,4,shampoo ini teksturnya gel warna biru. Wanginya seperti wangi bunga bungaan dan kurasa ada hint wangi melati nya menurutku. Meski agak nyengat tapi aku suka aja dan awet banget wanginya bisa tahan lama seharian. ,https://reviews.femaledaily.com/products/shampoo-conditioner/shampoo-64/scarlett/yordanian-sea-salt-shampoo?cat=&cat_id=0&age_range=&skin_type=&skin_tone=&skin_undertone=&hair_texture=&hair_type=&order=newest&page=2
185,Scarlett Yordanian Sea Salt shampoo,3,"Untuk rambutku yg ketombean dan gampang lepek produk ini bagus untuk kurangin minyak yg ada di kepala, jadi bisa gak keramas 2-3hari, pas dipake memang busanya gak terlalu banyak. Cuma setelahnya emang bikin rambutku kering jadi perlu condotioner atau hair mask after shampooan pake produk ini.",https://reviews.femaledaily.com/products/shampoo-conditioner/shampoo-64/scarlett/yordanian-sea-salt-shampoo?cat=&cat_id=0&age_range=&skin_type=&skin_tone=&skin_undertone=&hair_texture=&hair_type=&order=newest&page=3
186,Scarlett Yordanian Sea Salt shampoo,3,Wangi bunga Magnolia tapi Bikin rambut rontok & ketombean juga mungkin karena busanya yang dikit.,https://reviews.femaledaily.com/products/shampoo-conditioner/shampoo-64/scarlett/yordanian-sea-salt-shampoo?cat=&cat_id=0&age_range=&skin_type=&skin_tone=&skin_undertone=&hair_texture=&hair_type=&order=newest&page=4
187,Scarlett Yordanian Sea Salt shampoo,2,Sayang banget shampoo ini bikin rambut jadi kering,https://reviews.femaledaily.com/products/shampoo-conditioner/shampoo-64/scarlett/yordanian-sea-salt-shampoo?cat=&cat_id=0&age_range=&skin_type=&skin_tone=&skin_undertone=&hair_texture=&hair_type=&order=newest&page=5
188,Scarlett Yordanian Sea Salt shampoo,2,"ternyata ga cocok sama aku shampoo nya , banyak ketombe trus jadi super duper kering banget ujung rambutnya dan kasar kalau disisir, padahal sudah pakai conditioner tapi tetep kusut. Tapi positifnya dia bikin rambut ga cepet lepek dan wanginya lumayan tahan. ",https://reviews.femaledaily.com/products/shampoo-conditioner/shampoo-64/scarlett/yordanian-sea-salt-shampoo?cat=&cat_id=0&age_range=&skin_type=&skin_tone=&skin_undertone=&hair_texture=&hair_type=&order=newest&page=6
189,Scarlett Yordanian Sea Salt shampoo,1,"Pertama pakai bagus banget; ga ketombean, ga rontok, wangi long lasting. Pakai conditioner juga dan hair care lain. Selama setahun rambut jadi bagus. Tapi selama beberapa bulan terakhir, paling sering banget ketombean dan mendadak jadi gampang rontok. Padahal udah keramas bersih banget seperti biasa. ",https://reviews.femaledaily.com/products/shampoo-conditioner/shampoo-64/scarlett/yordanian-sea-salt-shampoo?cat=&cat_id=0&age_range=&skin_type=&skin_tone=&skin_undertone=&hair_texture=&hair_type=&order=newest&page=7
190,Scarlett Yordanian Sea Salt shampoo,1,Parah banget di aku bikin ketombean banget padahal shampoonya wangi banget.,https://reviews.femaledaily.com/products/shampoo-conditioner/shampoo-64/scarlett/yordanian-sea-salt-shampoo?cat=&cat_id=0&age_range=&skin_type=&skin_tone=&skin_undertone=&hair_texture=&hair_type=&order=newest&page=8
191,Head & Shoulders Lemon Fresh Anti Dandruff Shampoo,3,"Ampuh sih buat ketombe kering, tapi buat ketombe basah yg nempel2 di kulit kepala msh tetep ada. Nilai plusnya shampoonya cukup refreshing.. gampang ditemuin dimana2 dan harganya affordable.",https://reviews.femaledaily.com/products/shampoo-conditioner/shampoo-64/head-shoulders/lemon-fresh?cat=&cat_id=0&age_range=&skin_type=&skin_tone=&skin_undertone=&hair_texture=&hair_type=&order=newest&page=5
192,Daeng Gi Meo Ri Vitalizing shampoo,5,"Pencarian ku telah berakhir, rambut alus, kulit kepala cukup ga lepek, bau herbal enak, ga gatel, ga ketombean, rontok dlm jumlah bisa di tolelir, hanya kantongku saja yg rada melolong.",https://reviews.femaledaily.com/products/shampoo-conditioner/shampoo-64/daeng-gi-meo-ri/daeng-gi-meo-ri-vitalizing-shampoo?cat=&cat_id=0&age_range=&skin_type=&skin_tone=&skin_undertone=&hair_texture=&hair_type=&order=newest&page=1
193,Daeng Gi Meo Ri Vitalizing shampoo,4," Ga bikin rambut makin rontok atau ketombean. tp klo pas lagi ada concern tsb, shampoo ini kurasa ga mengatasi juga. tp tetep love banget karena aku terhindar dari lepek dan risih.",https://reviews.femaledaily.com/products/shampoo-conditioner/shampoo-64/daeng-gi-meo-ri/daeng-gi-meo-ri-vitalizing-shampoo?cat=&cat_id=0&age_range=&skin_type=&skin_tone=&skin_undertone=&hair_texture=&hair_type=&order=newest&page=2
194,Daeng Gi Meo Ri Vitalizing shampoo,4,"Wangi shampoo nya kayak bau herbal, tekturnya lebih cair dari shampoo yg biasa aku pakai dan warnanya mengingatkan aku sama gula merah cair . Di aku cocok, gak bikin ketombean, tapi gak bikin rambut rontok berkurang.",https://reviews.femaledaily.com/products/shampoo-conditioner/shampoo-64/daeng-gi-meo-ri/daeng-gi-meo-ri-vitalizing-shampoo?cat=&cat_id=0&age_range=&skin_type=&skin_tone=&skin_undertone=&hair_texture=&hair_type=&order=newest&page=3
195,Daeng Gi Meo Ri Vitalizing shampoo,3,Untungnya shampoo ini ga bikin ketombean dan emang scalp+rambut aku jadi ga gampang lepek sih pas pake shampoo ini. Padahal aku kalo ga keramas 2 hari aja biasanya langsung lepek banget. Hmm bimbang mau repurchase atau engga.,https://reviews.femaledaily.com/products/shampoo-conditioner/shampoo-64/daeng-gi-meo-ri/daeng-gi-meo-ri-vitalizing-shampoo?cat=&cat_id=0&age_range=&skin_type=&skin_tone=&skin_undertone=&hair_texture=&hair_type=&order=newest&page=4
196,Daeng Gi Meo Ri Vitalizing shampoo,3,"samphoo anti rontok yang bikin rambutku ketombean dan berasa kering juga.wajib pake kondisioner setelah pake shampoo ini.wanginya kaya herbal dr cina gt,enak ga mengganggu.",https://reviews.femaledaily.com/products/shampoo-conditioner/shampoo-64/daeng-gi-meo-ri/daeng-gi-meo-ri-vitalizing-shampoo?cat=&cat_id=0&age_range=&skin_type=&skin_tone=&skin_undertone=&hair_texture=&hair_type=&order=newest&page=5
197,Daeng Gi Meo Ri Vitalizing shampoo,2,Rambutku tetap ketombean. Kemasannya simpel.,https://reviews.femaledaily.com/products/shampoo-conditioner/shampoo-64/daeng-gi-meo-ri/daeng-gi-meo-ri-vitalizing-shampoo?cat=&cat_id=0&age_range=&skin_type=&skin_tone=&skin_undertone=&hair_texture=&hair_type=&order=newest&page=6
198,Daeng Gi Meo Ri Vitalizing shampoo,2,"setelah dipakai beberapa minggu, kepala jadi ketombean, gatal, dan tetep rontok",https://reviews.femaledaily.com/products/shampoo-conditioner/shampoo-64/daeng-gi-meo-ri/daeng-gi-meo-ri-vitalizing-shampoo?cat=&cat_id=0&age_range=&skin_type=&skin_tone=&skin_undertone=&hair_texture=&hair_type=&order=newest&page=7
199,Daeng Gi Meo Ri Vitalizing shampoo,1,kulit kepala jadi ketombean banyak banget sampe luka2. kering banget kulit kepala jadinya. Rambutku jadi tipis banget gara2 pake ini krn tiap hari rontok. ,https://reviews.femaledaily.com/products/shampoo-conditioner/shampoo-64/daeng-gi-meo-ri/daeng-gi-meo-ri-vitalizing-shampoo?cat=&cat_id=0&age_range=&skin_type=&skin_tone=&skin_undertone=&hair_texture=&hair_type=&order=newest&page=8
200,Daeng Gi Meo Ri Vitalizing shampoo,1,Aku ngeliat iklan Kayanya bagus dan bisa numbuhin rambut jadinya aku penasaran so aku nyoba tapiiii di rambut aku gak ada efek apapun bahkan yang ada rontok dan rambut langsung kering juga disisir susah pula.,https://reviews.femaledaily.com/products/shampoo-conditioner/shampoo-64/daeng-gi-meo-ri/daeng-gi-meo-ri-vitalizing-shampoo?cat=&cat_id=0&age_range=&skin_type=&skin_tone=&skin_undertone=&hair_texture=&hair_type=&order=newest&page=9
